"","ID","Description","GeneRatio","BgRatio","RichFactor","FoldEnrichment","zScore","pvalue","p.adjust","qvalue","geneID","Count"
"GO:0051607","GO:0051607","defense response to virus","17/139","305/18842",0.0557377049180328,7.55546644651492,9.9503310833417,1.0665353341507e-10,3.59897261691059e-07,3.59897261691059e-07,"ENSG00000136514/ENSG00000170581/ENSG00000137959/ENSG00000165949/ENSG00000124256/ENSG00000184979/ENSG00000213928/ENSG00000138646/ENSG00000115415/ENSG00000134321/ENSG00000168028/ENSG00000154451/ENSG00000187608/ENSG00000117228/ENSG00000135114/ENSG00000152778/ENSG00000137628",17
"GO:0009615","GO:0009615","response to virus","19/139","400/18842",0.0475,6.43881294964029,9.47837414235689,1.22414034588795e-10,3.59897261691059e-07,3.59897261691059e-07,"ENSG00000136514/ENSG00000170581/ENSG00000137959/ENSG00000165949/ENSG00000124256/ENSG00000184979/ENSG00000213928/ENSG00000138646/ENSG00000115415/ENSG00000134321/ENSG00000168028/ENSG00000154451/ENSG00000187608/ENSG00000117228/ENSG00000135114/ENSG00000117632/ENSG00000152778/ENSG00000137965/ENSG00000137628",19
"GO:1901740","GO:1901740","negative regulation of myoblast fusion","7/139","47/18842",0.148936170212766,20.1888871881218,11.3548471263331,5.02209443242539e-08,7.96829070637495e-05,7.96829070637495e-05,"ENSG00000089157/ENSG00000136942/ENSG00000163682/ENSG00000166441/ENSG00000229117/ENSG00000131469/ENSG00000198918",7
"GO:0002181","GO:0002181","cytoplasmic translation","12/139","215/18842",0.0558139534883721,7.56580224192739,8.34717096180922,6.69994194758635e-08,7.96829070637495e-05,7.96829070637495e-05,"ENSG00000089157/ENSG00000136942/ENSG00000163682/ENSG00000166441/ENSG00000229117/ENSG00000083845/ENSG00000131469/ENSG00000168028/ENSG00000149806/ENSG00000171863/ENSG00000213741/ENSG00000198918",12
"GO:0006958","GO:0006958","complement activation, classical pathway","6/139","39/18842",0.153846153846154,20.8544548976204,10.699917681758,3.86237870140029e-07,0.000324439810917624,0.000324439810917624,"ENSG00000211890/ENSG00000173372/ENSG00000211897/ENSG00000211896/ENSG00000211892/ENSG00000211895",6
"GO:0042742","GO:0042742","defense response to bacterium","13/139","322/18842",0.0403726708074534,5.47267527592833,6.97876463218091,7.86864411886758e-07,0.000433386487728418,0.000433386487728418,"ENSG00000211890/ENSG00000154451/ENSG00000211897/ENSG00000149806/ENSG00000187608/ENSG00000117228/ENSG00000211896/ENSG00000211892/ENSG00000157873/ENSG00000211895/ENSG00000100342/ENSG00000162654/ENSG00000198918",13
"GO:0060337","GO:0060337","type I interferon-mediated signaling pathway","7/139","80/18842",0.0875,11.8609712230216,8.39223871330937,2.07197804143853e-06,0.000937171606435275,0.000937171606435275,"ENSG00000170581/ENSG00000165949/ENSG00000124256/ENSG00000184979/ENSG00000115415/ENSG00000187608/ENSG00000135114",7
"GO:0140253","GO:0140253","cell-cell fusion","7/139","89/18842",0.0786516853932584,10.661547166761,7.87607862407845,4.25308244866737e-06,0.00138934026656467,0.00138934026656467,"ENSG00000089157/ENSG00000136942/ENSG00000163682/ENSG00000166441/ENSG00000229117/ENSG00000131469/ENSG00000198918",7
"GO:0002449","GO:0002449","lymphocyte mediated immunity","12/139","339/18842",0.0353982300884956,4.79837015343477,6.08386820555917,8.17541803194664e-06,0.00240357290139231,0.00240357290139231,"ENSG00000115594/ENSG00000211890/ENSG00000173372/ENSG00000134321/ENSG00000211679/ENSG00000211897/ENSG00000026751/ENSG00000211896/ENSG00000211892/ENSG00000211677/ENSG00000157873/ENSG00000211895",12
"GO:0140888","GO:0140888","interferon-mediated signaling pathway","7/139","105/18842",0.0666666666666667,9.03693045563549,7.11932090782171,1.27387988238129e-05,0.0035668636706676,0.0035668636706676,"ENSG00000170581/ENSG00000165949/ENSG00000124256/ENSG00000184979/ENSG00000115415/ENSG00000187608/ENSG00000135114",7
"GO:0070269","GO:0070269","pyroptotic inflammatory response","5/139","42/18842",0.119047619047619,16.1373758136348,8.46642473212606,1.38842499664855e-05,0.00371088135467884,0.00371088135467884,"ENSG00000165949/ENSG00000124256/ENSG00000154451/ENSG00000117228/ENSG00000145649",5
"GO:0050853","GO:0050853","B cell receptor signaling pathway","6/139","74/18842",0.0810810810810811,10.9908613649621,7.42358239427581,1.77486541603329e-05,0.00453748202011988,0.00453748202011988,"ENSG00000211890/ENSG00000211679/ENSG00000211897/ENSG00000211896/ENSG00000211892/ENSG00000211895",6
"GO:0014902","GO:0014902","myotube differentiation","7/139","131/18842",0.0534351145038168,7.24334120489868,6.18170045343246,5.32844832295997e-05,0.0120504908226941,0.0120504908226941,"ENSG00000089157/ENSG00000136942/ENSG00000163682/ENSG00000166441/ENSG00000229117/ENSG00000131469/ENSG00000198918",7
"GO:0007059","GO:0007059","chromosome segregation","12/139","420/18842",0.0285714285714286,3.87297019527235,5.13323462177516,6.69399785744854e-05,0.0145780397784435,0.0145780397784435,"ENSG00000237649/ENSG00000121152/ENSG00000184661/ENSG00000175643/ENSG00000131747/ENSG00000169679/ENSG00000112029/ENSG00000138778/ENSG00000178999/ENSG00000117724/ENSG00000148773/ENSG00000164611",12
"GO:0007346","GO:0007346","regulation of mitotic cell cycle","13/139","492/18842",0.0264227642276423,3.58171024156285,5.00236932635837,7.31599130195766e-05,0.0153635817341111,0.0153635817341111,"ENSG00000184661/ENSG00000100911/ENSG00000169679/ENSG00000112029/ENSG00000138778/ENSG00000092853/ENSG00000178999/ENSG00000173207/ENSG00000117724/ENSG00000182389/ENSG00000143476/ENSG00000148773/ENSG00000171848",13
"GO:0051983","GO:0051983","regulation of chromosome segregation","7/139","140/18842",0.05,6.77769784172662,5.9153242440668,8.11637709326843e-05,0.0160490465865282,0.0160490465865282,"ENSG00000121152/ENSG00000175643/ENSG00000169679/ENSG00000112029/ENSG00000138778/ENSG00000178999/ENSG00000117724",7
"GO:0000819","GO:0000819","sister chromatid segregation","9/139","246/18842",0.0365853658536585,4.9592911037024,5.38863734838581,8.94296758144338e-05,0.0169627901222216,0.0169627901222216,"ENSG00000237649/ENSG00000121152/ENSG00000175643/ENSG00000131747/ENSG00000169679/ENSG00000112029/ENSG00000138778/ENSG00000178999/ENSG00000117724",9
"GO:0002460","GO:0002460","adaptive immune response based on somatic recombination of immune receptors built from immunoglobulin superfamily domains","11/139","377/18842",0.0291777188328912,3.95515523920386,4.99666297334615,0.000112970801058097,0.0207583846944254,0.0207583846944254,"ENSG00000115594/ENSG00000211890/ENSG00000173372/ENSG00000134321/ENSG00000211679/ENSG00000211897/ENSG00000211896/ENSG00000211892/ENSG00000211677/ENSG00000157873/ENSG00000211895",11
"GO:0098813","GO:0098813","nuclear chromosome segregation","10/139","315/18842",0.0317460317460317,4.30330021696928,5.09688118817839,0.000117609358511201,0.0209558493347232,0.0209558493347232,"ENSG00000237649/ENSG00000121152/ENSG00000175643/ENSG00000131747/ENSG00000169679/ENSG00000112029/ENSG00000138778/ENSG00000178999/ENSG00000117724/ENSG00000164611",10
"GO:1902749","GO:1902749","regulation of cell cycle G2/M phase transition","6/139","110/18842",0.0545454545454545,7.39385219097449,5.79789836830571,0.000165195924723415,0.0285691775698142,0.0285691775698142,"ENSG00000112029/ENSG00000092853/ENSG00000178999/ENSG00000262919/ENSG00000117724/ENSG00000143476",6
"GO:0048285","GO:0048285","organelle fission","12/139","470/18842",0.025531914893617,3.46095208939232,4.65776536734068,0.00019207146677029,0.0322680064174087,0.0322680064174087,"ENSG00000237649/ENSG00000170581/ENSG00000121152/ENSG00000184661/ENSG00000131747/ENSG00000169679/ENSG00000112029/ENSG00000138778/ENSG00000178999/ENSG00000117724/ENSG00000148773/ENSG00000164611",12
"GO:0033045","GO:0033045","regulation of sister chromatid segregation","6/139","115/18842",0.0521739130434783,7.0723803565843,5.63089617401366,0.000210589114227293,0.0334665943690941,0.0334665943690941,"ENSG00000175643/ENSG00000169679/ENSG00000112029/ENSG00000138778/ENSG00000178999/ENSG00000117724",6
"GO:0048525","GO:0048525","negative regulation of viral process","5/139","74/18842",0.0675675675675676,9.1590511374684,6.06247911621746,0.000217653990613913,0.0336790911792055,0.0336790911792055,"ENSG00000115415/ENSG00000134321/ENSG00000187608/ENSG00000135114/ENSG00000152778",5
"GO:0045088","GO:0045088","regulation of innate immune response","12/139","482/18842",0.024896265560166,3.37478730708379,4.55318857761193,0.000241999382166911,0.0343656020566125,0.0343656020566125,"ENSG00000170581/ENSG00000124256/ENSG00000184979/ENSG00000134321/ENSG00000154451/ENSG00000149131/ENSG00000068079/ENSG00000187608/ENSG00000178999/ENSG00000145365/ENSG00000135114/ENSG00000137628",12
"GO:0140014","GO:0140014","mitotic nuclear division","9/139","281/18842",0.0320284697508897,4.34158580608823,4.86529110011956,0.000242878821322839,0.0343656020566125,0.0343656020566125,"ENSG00000237649/ENSG00000121152/ENSG00000184661/ENSG00000169679/ENSG00000112029/ENSG00000138778/ENSG00000178999/ENSG00000117724/ENSG00000148773",9
"GO:1901990","GO:1901990","regulation of mitotic cell cycle phase transition","10/139","345/18842",0.0289855072463768,3.92910019810239,4.73365786772084,0.00024546858611866,0.0343656020566125,0.0343656020566125,"ENSG00000100911/ENSG00000169679/ENSG00000112029/ENSG00000138778/ENSG00000092853/ENSG00000178999/ENSG00000117724/ENSG00000182389/ENSG00000143476/ENSG00000171848",10
"GO:0019058","GO:0019058","viral life cycle","9/139","284/18842",0.0316901408450704,4.29572398419293,4.82445383862947,0.000262685156407523,0.034664750826232,0.034664750826232,"ENSG00000134321/ENSG00000088827/ENSG00000131747/ENSG00000168028/ENSG00000135047/ENSG00000187608/ENSG00000135114/ENSG00000152778/ENSG00000157873",9
"GO:0007088","GO:0007088","regulation of mitotic nuclear division","6/139","120/18842",0.05,6.77769784172662,5.47360011801381,0.000265291460404837,0.034664750826232,0.034664750826232,"ENSG00000184661/ENSG00000169679/ENSG00000112029/ENSG00000178999/ENSG00000117724/ENSG00000148773",6
"GO:0062208","GO:0062208","positive regulation of pattern recognition receptor signaling pathway","5/139","82/18842",0.0609756097560976,8.26548517283734,5.68406280538479,0.000351703902787426,0.041024234236795,0.041024234236795,"ENSG00000134321/ENSG00000154451/ENSG00000068079/ENSG00000135114/ENSG00000137628",5
"GO:1905818","GO:1905818","regulation of chromosome separation","5/139","82/18842",0.0609756097560976,8.26548517283734,5.68406280538479,0.000351703902787426,0.041024234236795,0.041024234236795,"ENSG00000121152/ENSG00000169679/ENSG00000112029/ENSG00000178999/ENSG00000117724",5
"GO:0006959","GO:0006959","humoral immune response","9/139","296/18842",0.0304054054054054,4.12157301186078,4.66657191602992,0.000355822439808936,0.041024234236795,0.041024234236795,"ENSG00000211890/ENSG00000173372/ENSG00000149131/ENSG00000211897/ENSG00000149806/ENSG00000211896/ENSG00000211892/ENSG00000211895/ENSG00000198918",9
