"symbol","gene_id","baseMean","log2FoldChange","lfcSE","stat","pvalue","padj"
"DUSP21","ENSG00000189037",6.50535526631045,-2.67410366329966,0.887108338357691,-3.01440483385631,0.00257483975883165,NA
"ZWINT","ENSG00000122952",6.47978324889194,2.51402301412333,0.396335295401745,6.34317216581731,2.2508164925888e-10,NA
"C1QB","ENSG00000173369",3.11283441019307,2.35351594287708,0.673497867483126,3.49446680755236,0.000475009671123016,NA
"IFI27","ENSG00000165949",107.836405924795,2.16082857126048,0.568861010883818,3.79851761663765,0.000145564084505754,0.0132454331462921
"ANKRD22","ENSG00000152766",79.3831855111026,2.15941071301699,0.45230674823381,4.7742173236397,1.80407485100028e-06,0.000949780977806967
"PTTG1","ENSG00000164611",18.5757171046963,2.01331773101099,0.275958543045196,7.29572532451461,2.97054378905896e-13,2.49482030183478e-09
"BATF2","ENSG00000168062",47.214115252813,1.94814330364588,0.406752527751704,4.78950509395505,1.67193154262606e-06,0.000947920879609645
"IGHG4","ENSG00000211892",22.3412552206597,1.93597877138708,0.460609974927758,4.20307608772633,2.63312029473444e-05,0.00491326914742789
"CDK1","ENSG00000170312",5.25203731801074,1.90473031909504,0.387326134071374,4.91763955887379,8.75940064256575e-07,NA
"HJURP","ENSG00000123485",4.50866766291452,1.88356332191453,0.349549400558599,5.38854685175969,7.10296473038606e-08,NA
"H2AC14","ENSG00000276368",6.37799543503777,1.82330465588283,0.387680087932936,4.70311659699748,2.56219999550475e-06,NA
"IFI44L","ENSG00000137959",297.83781121988,1.81661712819781,0.462325720365248,3.92930146037006,8.51929827275239e-05,0.010127659341826
"SERPING1","ENSG00000149131",109.623863623659,1.80057663100071,0.359091840988031,5.01425102293184,5.32404429145006e-07,0.000456054751141831
"OAS1","ENSG00000089127",2.84013759745932,1.78232502298556,0.561295652569193,3.17537649690927,0.00149642206091348,NA
"BIRC5","ENSG00000089685",10.6136299067403,1.69176304074003,0.312184015626678,5.41912127481604,5.98926810126701e-08,NA
"MZB1","ENSG00000170476",20.2802499027729,1.68453880829521,0.364695705711172,4.61902562030525,3.85546255199099e-06,0.00149561509154998
"H1-5","ENSG00000184357",4.10725829895171,1.66784622662768,0.361749371958628,4.61050206555278,4.01697649256536e-06,NA
"IGHG1","ENSG00000211896",49.3336713290572,1.64999039159488,0.392044730249381,4.20867891922772,2.56868089457065e-05,0.00491326914742789
"FABP5","ENSG00000164687",11.6145648540555,1.61309167474563,0.293340059351189,5.49905007285221,3.81842700837212e-08,NA
"ISG15","ENSG00000187608",191.494051497969,1.57296081052768,0.364640672664477,4.31372835902768,1.6052416534114e-05,0.00359518125157584
"RSAD2","ENSG00000134321",295.814033757891,1.54868292304508,0.403325888990129,3.83978059757771,0.000123144311733056,0.0123487775459659
"H2AC13","ENSG00000196747",2.22529729291925,1.54650232859066,0.498660481548746,3.10131318966265,0.0019266439631107,NA
"PDCD1","ENSG00000188389",3.24689998429432,1.52173317613141,0.40170955660904,3.7881428288061,0.000151777591693484,NA
"TOP2A","ENSG00000131747",97.218152288038,1.49699286759477,0.205683813980017,7.27812674525867,3.384872534882e-13,2.49482030183478e-09
"SIGLEC1","ENSG00000088827",23.0723872447752,1.49106384528896,0.409741274199922,3.63903745894401,0.000273658994958514,0.0197918733844289
"MT1E","ENSG00000169715",26.523366934995,1.48473974645435,0.393469209659958,3.77345853246684,0.000160999989962203,0.0142969930845352
"IGLC2","ENSG00000211677",331.236626794775,1.47783369993659,0.299129432938087,4.94044897361361,7.79428887170318e-07,0.000599592694974606
"FAM111B","ENSG00000189057",30.6860376997364,1.46120205045835,0.247365259047485,5.90706251995499,3.4826161152753e-09,8.5562073592122e-06
"IGLC3","ENSG00000211679",304.040994777848,1.44284875782749,0.305592146393348,4.7214850736717,2.34128815925393e-06,0.00104584632592612
"CALHM6","ENSG00000188820",6.08817887440105,1.41843334289458,0.38469582114869,3.68715557829348,0.000226774722377077,NA
"LY6E","ENSG00000160932",92.0000645179084,1.38128415247313,0.28801767670403,4.79583117355867,1.62001680940672e-06,0.000947920879609645
"SNORD13","ENSG00000239039",246.951102977899,1.37337362947349,0.292591228477171,4.69383049048119,2.68136241926443e-06,0.00116252833595226
"RPL9","ENSG00000163682",463.66495922695,1.35545208822265,0.307488497013609,4.40813917069117,1.04262544019234e-05,0.00307386832277505
"GMPSP1","ENSG00000250471",3.5208629293059,1.35198541021447,0.3230671346003,4.18484353689258,2.85362585867427e-05,NA
"CDT1","ENSG00000167513",2.51445189033547,1.33252180177289,0.403297790892416,3.30406422218256,0.000952939994414017,NA
"CDC20","ENSG00000117399",6.19757344551849,1.31856541445556,0.314402864531914,4.19387214050564,2.74232594393344e-05,NA
"IGKV4-1","ENSG00000211598",4.55446956074543,1.31471418252814,0.367909736627574,3.57346939110501,0.000352282440013575,NA
"HNRNPA3P3","ENSG00000214653",11.4242427908558,1.31427830466365,0.477165188900865,2.75434657689731,0.00588094555873905,NA
"FBXO39","ENSG00000177294",13.1331390141552,1.31198497872445,0.304984350406626,4.30181082070347,1.69407922927258e-05,0.00372722715204583
"RNVU1-26","ENSG00000275291",3.59974689218258,1.3070004379171,0.320597087476361,4.07676953089436,4.56657148872178e-05,NA
"RWDD2A","ENSG00000013392",2.19224988969903,1.30500040034966,0.418086560093279,3.12136415018579,0.00180015282761991,NA
"IGHG3","ENSG00000211897",41.3494128846494,1.30294083100731,0.347620648260839,3.74816869344782,0.00017813043576506,0.0149793262375373
"UNC45B","ENSG00000141161",78.5761064926436,-1.30140030501411,0.352894363223496,-3.68779000357652,0.000226210213635688,0.0174868692852658
"CMPK2","ENSG00000134326",100.843230326442,1.29571474513901,0.393765621381064,3.29057356656612,0.000999833543143291,0.039187522942927
"FZD10-AS1","ENSG00000250208",1.89300260013969,1.27909935561502,0.526963971287274,2.42729944609006,0.0152116946234312,NA
"IFI6","ENSG00000126709",10.0963361917896,1.26936596935422,0.481103763850383,2.63844530999964,0.00832871332688195,NA
"IFI44","ENSG00000137965",144.341086619779,1.25518720581925,0.374856967686235,3.34844304366745,0.000812669828865615,0.0357598983501732
"LOC102724354","ENSG00000280191",2.2264694942176,1.25191079103114,0.510715916672862,2.45128602841851,0.0142346789777773,NA
"DEPDC1","ENSG00000024526",2.2040808140762,1.24952843993753,0.461331300279747,2.70852734071983,0.00675825435008232,NA
"IGLC7","ENSG00000211685",4.93507032752406,1.24823524122514,0.455706677377669,2.73911992777463,0.00616038972025895,NA
"MKI67","ENSG00000148773",98.2794201336485,1.24473857550497,0.219463026686593,5.67174614465939,1.41349324717554e-08,2.60453799457683e-05
"IGHA1","ENSG00000211895",110.983502562765,1.23188609793966,0.282398471015147,4.36222651458187,1.28745471291858e-05,0.00345061271329687
"IGHA2","ENSG00000211890",29.3165892297525,1.23135542525901,0.301907456323152,4.07858567077258,4.53105055324045e-05,0.00741412632650002
"C1QA","ENSG00000173372",21.4138934797214,1.23016849151201,0.352587418681621,3.48897443962068,0.000484877511444265,0.0267699602853929
"EPSTI1","ENSG00000133106",960.729481110322,1.22898579303892,0.314183913418764,3.91167637981787,9.16576797700823e-05,0.0105556707616467
"H4C11","ENSG00000197238",8.06279431410986,1.22707624153171,0.281944163026007,4.35219593965675,1.3478072261215e-05,NA
"IRX3","ENSG00000177508",3.00078453807993,-1.21377663802786,0.451300116916371,-2.6895110205628,0.00715567842723124,NA
"GBP1","ENSG00000117228",739.888189164847,1.2099239589684,0.283397697531305,4.2693499965177,1.96043439834408e-05,0.00401371714805418
"STMN1","ENSG00000117632",101.961295889359,1.20421312475998,0.193875847759688,6.21125910563457,5.25617210913678e-10,1.93703082651963e-06
"LINC02893","ENSG00000269994",3.6461083614286,1.19247261966475,0.359326344246887,3.3186339904024,0.000904589119173649,NA
"AURKB","ENSG00000178999",12.0902179529494,1.1840338920307,0.267638016815405,4.42401235115769,9.68844775834297e-06,0.0030060246421765
"ETV7","ENSG00000010030",36.110710465146,1.17901306372571,0.294069431794042,4.00930166910872,6.08985770281255e-05,0.00871559149486988
"CDCA7","ENSG00000144354",8.50591953435583,1.17418292570167,0.279438822792439,4.20193197912886,2.64646661567461e-05,NA
"RTP4","ENSG00000136514",34.1776037034942,1.16514294397133,0.253537683826894,4.59554148473977,4.31626904411562e-06,0.00155652323903286
"TNFRSF4","ENSG00000186827",2.88556918132379,1.16489549992483,0.471567130119196,2.47026441310781,0.0135013216039085,NA
"RNY4","ENSG00000252316",3.1941666992427,1.15966438493233,0.478664126264155,2.42271004092827,0.015405217286595,NA
"MTCYBP36","ENSG00000216853",11.9245575172346,1.15037598372774,0.41041302660923,2.802971419382,0.00506341562241472,0.0873408894790307
"H4C12","ENSG00000273542",6.43508555705381,1.14720422487593,0.331032898805829,3.46552934470974,0.000529188773620929,NA
"GBP5","ENSG00000154451",76.5486846594784,1.13932128418017,0.287933382488326,3.95689195304182,7.59312539231248e-05,0.00932752178400652
"TTK","ENSG00000112742",6.72226981999748,1.11762630379291,0.246967934912543,4.52539032724507,6.02841378193564e-06,NA
"ASPM","ENSG00000066279",41.0174950629283,1.11395047947024,0.222350632062861,5.00988222581403,5.44633551387247e-07,0.000456054751141831
"SMTNL1","ENSG00000214872",95.0510112628427,1.09505713388544,0.217237925394075,5.04081933161065,4.63542932202219e-07,0.000456054751141831
"HERC5","ENSG00000138646",350.211365110223,1.07487827427262,0.323871400922157,3.31884282221934,0.000903912924600879,0.0373146977460355
"RPSAP12","ENSG00000240087",7.74098250300241,1.0702673810904,0.343890078569899,3.11223686807487,0.00185675455086332,NA
"GZMA","ENSG00000145649",176.346653073183,1.06823338806847,0.229590813563508,4.65277060300579,3.27504526018796e-06,0.00133165547144324
"RNY1","ENSG00000201098",5.80359178008839,1.06095096873106,0.356235523251136,2.97822900717042,0.00289919277045643,NA
"CCNA2","ENSG00000145386",4.64454492761659,1.06004665305835,0.315036779114124,3.36483459499293,0.000765895579700979,NA
"MAD2L1","ENSG00000164109",3.10388556668883,1.04564910883011,0.395482705468603,2.64398188434342,0.00819370413202809,NA
"GGH","ENSG00000137563",7.47552253102582,1.04514140293541,0.255331139983779,4.09327825427719,4.25316812106092e-05,NA
"HES4","ENSG00000188290",3.72145157687655,1.03908903133649,0.491391147971089,2.11458638525907,0.034465215049468,NA
"HMGB3","ENSG00000029993",6.8666332134862,1.03637531385757,0.240297552198026,4.31288335806061,1.61139141561043e-05,NA
"RPL23P3","ENSG00000238015",6.65613218465677,1.03402329832481,0.469970889540432,2.20018584414015,0.0277937122317875,NA
"IL2","ENSG00000109471",1.67449791303262,-1.02785713727652,0.459505158153227,-2.23687834410287,0.0252942923041781,NA
"XAF1","ENSG00000132530",89.022090537673,1.02056765470797,0.236619400048769,4.31311910391803,1.60967344551934e-05,0.00359518125157584
"APOL4","ENSG00000100336",4.49112102606342,1.01767980140044,0.37795716405687,2.69257973701834,0.00709015792259081,NA
"RPS3P3","ENSG00000228205",6.128008345229,1.01638144556089,0.347973854229338,2.92085578616784,0.00349071369626007,NA
"MCM10","ENSG00000065328",16.6156410538305,1.01550834346549,0.17833400468286,5.69441787207897,1.2379355613596e-08,2.60453799457683e-05
"CENPF","ENSG00000117724",77.3903809472499,1.01332885771895,0.194590076538787,5.20750531447051,1.91396357980983e-07,0.000282137371299767
"CKS1B","ENSG00000173207",23.3058002282285,1.01160653143936,0.205343594454263,4.92640899818611,8.37545918237351e-07,0.000599592694974606
"TMPOP2","ENSG00000262904",2.55080998915957,1.01125403412739,0.459527135448684,2.20064051960717,0.0277614826893113,NA
"KIFC1","ENSG00000237649",17.5545420974175,1.00984501848582,0.205146166207114,4.92256344418491,8.54178589950935e-07,0.000599592694974606
"GBP6","ENSG00000183347",11.0968049621979,1.00957612844529,0.343718130136071,2.93722105390721,0.00331167951615869,NA
"CHPF","ENSG00000123989",2.45079530539264,1.00360340161115,0.412155180766287,2.43501343291435,0.0148912368753191,NA
"RPSAP54","ENSG00000213621",6.57759756365006,0.99422654011166,0.36474895710601,2.72578309202047,0.00641491394945383,NA
"ZNF22","ENSG00000165512",1.96258946622926,0.983599717805065,0.424735402230383,2.31579405116682,0.0205695162026018,NA
"RPS12P24","ENSG00000230283",5.05984722802272,-0.98207871116845,0.341557655399297,-2.87529409938229,0.00403651320406584,NA
"IFIT5","ENSG00000152778",56.1561329294358,0.976892797947013,0.223641614091107,4.36811727511968,1.25322197298433e-05,0.00342106390810408
"ERICH3","ENSG00000178965",2.31260929739148,0.973419506232625,0.347720337676808,2.79943218948953,0.00511925676299946,NA
"CBX2","ENSG00000173894",2.41538109220003,0.966082305359638,0.403895805626486,2.39190972498746,0.0167609644053318,NA
"HLA-DQA1","ENSG00000237541",2.94832511338539,0.965700467681974,0.485336526299141,1.98975435672599,0.0466180016387993,NA
"MX1","ENSG00000157601",451.844661870945,0.964418325947103,0.319814864760279,3.01555190897707,0.00256512027601333,0.0613349831887173
"ARL14EPL","ENSG00000268223",56.5757545717187,0.960286315082587,0.366558449123239,2.61973586307851,0.0087997896263005,0.118463651946389
"SIT1","ENSG00000137078",60.5143958851637,0.954994845636725,0.209273571106552,4.56338007989784,5.03365668892375e-06,0.00176669364884345
"LOC124909426","ENSG00000287232",2.88247899928228,0.952010979188774,0.371744299892531,2.56092959451965,0.0104392509462025,NA
"HMMR","ENSG00000072571",9.88512022744343,0.944614561657273,0.254484925726354,3.71186842977494,0.000205734928282473,NA
"CD274","ENSG00000120217",25.7033521105034,0.932875179846136,0.310259404355986,3.00675875331654,0.00264049223839779,0.0618362161526833
"PERP","ENSG00000112378",8.06132391154795,0.931743048416109,0.267469806199629,3.48354478456792,0.000494820326565117,NA
"MCM4","ENSG00000104738",20.60907393944,0.931558500171806,0.195632225756806,4.7617844992974,1.91888534989775e-06,0.000969771470736703
"USP18","ENSG00000184979",49.3890094672086,0.91906881677944,0.250065143257198,3.67531757848456,0.000237553730185577,0.0180142305580995
"LINC02654","ENSG00000226140",2.7750713114042,-0.914838889051333,0.391833072397419,-2.33476690329869,0.0195556010590881,NA
"LOC107987423","ENSG00000228695",4.68276129167961,0.913894368053872,0.392796485370928,2.32663580783025,0.0199846570348059,NA
"RPS15AP19","ENSG00000219023",3.07140715129973,0.904082081604287,0.436552339199223,2.07095919646809,0.0383626093716627,NA
"NICOL1","ENSG00000243449",16.8573404491944,0.90400024320699,0.208973624562079,4.32590593717937,1.51906239377272e-05,0.00359518125157584
"SYPL2","ENSG00000143028",3.41629788194393,0.90282749817355,0.358914074117398,2.51544189342166,0.0118883272297099,NA
"TMEM121","ENSG00000184986",2.9880269685872,0.900045970210608,0.376972752008232,2.38756240448634,0.0169605230367479,NA
"VAMP5","ENSG00000168899",42.9002694883861,0.899027168256637,0.202343688889123,4.4430699726408,8.86843082314303e-06,0.00284194649486851
"CCNB1","ENSG00000134057",8.04789233017636,0.896806744775292,0.215620286121324,4.15919466997962,3.19371625394807e-05,NA
"PNMA6A","ENSG00000235961",3.1418864490049,-0.894825951493252,0.377577055675428,-2.3699161218696,0.0177921211349853,NA
"RRM2","ENSG00000171848",65.1192378206739,0.893955338928501,0.173243219142119,5.1601173388215,2.46795112398511e-07,0.000303167229322205
"BPIFB5P","ENSG00000233146",2.85813598880978,0.888902251466393,0.318231940212159,2.7932527793212,0.00521808980245851,NA
"LIPM","ENSG00000173239",6.6921004687154,0.888100933528712,0.384030242716314,2.31258071564108,0.0207457028059501,NA
"NRN1","ENSG00000124785",2.77319818204084,0.88751837120298,0.373675087478775,2.37510714773939,0.0175438566287384,NA
"CDC6","ENSG00000094804",7.02573664432559,0.881111685968186,0.232376602982458,3.79174010919981,0.000149595418896399,NA
"LAG3","ENSG00000089692",13.9365606323218,0.878077999150434,0.284407240103504,3.08739678649135,0.00201917877817827,0.0539593254813248
"IGHG2","ENSG00000211893",34.2393759325238,0.877645480474557,0.344111900781714,2.55046535292973,0.0107579216386755,0.131936975250479
"RNY3","ENSG00000202354",3.38426846499548,0.876600928059526,0.382147307726106,2.29388225518471,0.0217972629502314,NA
"PSME2","ENSG00000100911",189.140909659535,0.872433616735015,0.184637541131005,4.72511500852364,2.29985158336029e-06,0.00104584632592612
"SLCO4A1","ENSG00000101187",3.74469729203118,0.871550432793035,0.299664077458895,2.90842479413498,0.00363254535975134,NA
"LAP3","ENSG00000002549",95.2711565305893,0.870658107667629,0.216663403915276,4.01848254912534,5.85741463777705e-05,0.00854892566093778
"E2F7","ENSG00000165891",10.9143133213035,0.863758439135144,0.224723425101941,3.84365109575612,0.000121217309750457,NA
"TAF11L2","ENSG00000284373",3.65915260496682,-0.856832921585024,0.337147414790878,-2.54141922493012,0.0110403453226878,NA
"RPL39","ENSG00000198918",941.227442383169,0.855827376587059,0.23551152561983,3.63390867744011,0.000279159705335997,0.0198104363691437
"HEY1","ENSG00000164683",2.30903648273241,-0.855767435811226,0.42450117166339,-2.01593656963993,0.0438066089892289,NA
"CETP","ENSG00000087237",260.58267132591,0.853366810108964,0.173712784415112,4.91251586912406,8.99151031726787e-07,0.000602472061758389
"SCRN2","ENSG00000141295",5.71809816221124,0.853091867832262,0.253494081425753,3.36533248837263,0.000764514727162594,NA
"RPL27","ENSG00000131469",465.462232699635,0.852766674611358,0.26423761917415,3.22727201855891,0.00124976588346956,0.0430439226360394
"LOC105377043","ENSG00000231873",45.0950032159347,0.85026920115441,0.259769693270792,3.27316551229887,0.00106350182086271,0.040509251528003
"ACP2","ENSG00000134575",110.702823856089,0.849046674986654,0.228546414454034,3.7149857590849,0.000203215138806068,0.0162779247942631
"CD52","ENSG00000169442",843.256980561964,0.848114133800528,0.19801798330961,4.28301571213592,1.84377146116739e-05,0.00390449334323446
"GCOM1","ENSG00000137878",2.82461475076635,0.847254152911255,0.363263471256887,2.33234062863455,0.0196827787752815,NA
"CTSL","ENSG00000135047",14.6375444979939,0.846446376132195,0.218460704158613,3.87459327933701,0.00010680292794992,0.0114085649341288
"NAP1L2","ENSG00000186462",12.1439750557633,0.842733068887165,0.276830205648113,3.04422368546873,0.00233281617243722,0.0582848189794866
"LINC01260","ENSG00000244558",8.13957957300167,0.842724432777618,0.240173877832852,3.50880970229456,0.000450116838940839,NA
"ARL4D","ENSG00000175906",2.63876159327269,0.841588899553282,0.372534477433227,2.25908996491239,0.023877789244355,NA
"ARMC9","ENSG00000135931",142.151634349679,0.832492113268488,0.287861985822923,2.89198349996998,0.00382818051209786,0.0761883247101191
"ISOC2","ENSG00000063241",10.1471903368416,0.832336265178185,0.19666947010417,4.23215796909057,2.31459742380409e-05,NA
"DSG1-AS1","ENSG00000266729",3.66086454639059,0.83167618438699,0.350388499829055,2.37358299371338,0.0176164335249273,NA
"RN7SL385P","ENSG00000241333",6.20732734830817,0.825573502493795,0.324740131870521,2.54225893713366,0.0110138545871593,NA
"UBE2C","ENSG00000175063",4.36416998623388,0.823621926068577,0.270078047401062,3.04957005574581,0.00229169178147075,NA
"FKBPL","ENSG00000204315",4.80839503455606,0.822956442606326,0.265873297390967,3.09529558132408,0.0019661685038363,NA
"OASL","ENSG00000135114",111.277031018497,0.818924922826977,0.217336072901755,3.7680119636521,0.000164552818098808,0.0145249885724223
"SAMD9L","ENSG00000177409",894.392638878807,0.815267339824149,0.213317296781278,3.82185294922461,0.000132452668709501,0.0130165652629783
"LOC124903478","ENSG00000285080",49.1864920584303,0.815223574630076,0.256558115061316,3.1775396168437,0.00148530396105047,0.046566007534527
"CENPM","ENSG00000100162",3.97204189473437,0.812947265342505,0.336244796887968,2.41772444619676,0.0156178988212812,NA
"PDK2","ENSG00000005882",19.5677338761321,0.81200453327702,0.225406298554986,3.60240391897895,0.000315287951031749,0.0212689577780192
"LINC01709","ENSG00000226715",76.3763191060589,0.806118540653965,0.225199072836318,3.57958196941547,0.00034414428922002,0.0222501358218961
"ZNF446","ENSG00000083838",3.27442202457749,0.805488931767913,0.352429394457668,2.28553277460704,0.0222816069168613,NA
"LOC105379507","ENSG00000280441",3104.07326106729,-0.805247633513986,0.296200295127253,-2.71859159751356,0.00655605006441373,0.100355902387874
"REM1","ENSG00000088320",2.68342467104241,0.804918527532092,0.399999523805577,2.01229871444379,0.0441884578775351,NA
"PFDN6","ENSG00000204220",35.8869955963764,0.804662956330482,0.166774723216337,4.8248495983812,1.40108955774363e-06,0.00086056088211245
"STEAP2","ENSG00000157214",3.06690141216993,0.803587241763226,0.391807969497311,2.05097217086785,0.0402696569394283,NA
"RPL17P5","ENSG00000230721",10.0159103792648,0.801628595046377,0.263864420985047,3.03803215323147,0.00238128545174545,NA
"MT2A","ENSG00000125148",830.971420573721,0.796094666235252,0.256152030408437,3.10789910572198,0.00188422382050702,0.0528048352435246
"PLAAT4","ENSG00000133321",346.971985220607,0.793706758736482,0.124366289872733,6.38200881885838,1.74779895845964e-10,8.58810148221786e-07
"LINC00229","ENSG00000234300",3.10298018460539,0.793038261670776,0.317294262622594,2.49937788069637,0.0124411570071855,NA
"RMI2","ENSG00000175643",68.992766544537,0.792377014735717,0.206107178683877,3.84449013273355,0.000120803345480553,0.0122811180395092
"RPS7P10","ENSG00000226525",3.73647557564956,0.789813654411794,0.397214662145215,1.98837991061632,0.0467696889059686,NA
"OLFML3","ENSG00000116774",7.19969019202909,0.788239477114893,0.270866152934454,2.91007004225307,0.00361347766168751,NA
"HINT1","ENSG00000169567",670.906421573659,0.784890678495356,0.246103607973508,3.18926928767271,0.00142632941458223,0.0458072372556791
"ANAPC15","ENSG00000110200",2.68454580280703,0.784526352847812,0.334314445371528,2.34667201405538,0.0189419206000706,NA
"TIMM10","ENSG00000134809",37.4326533921596,0.782434530222645,0.235445665632135,3.32320634623675,0.000889890613233011,0.0373146977460355
"TESK1","ENSG00000107140",2.56774223346369,0.781974082956593,0.392707599606474,1.99123745947417,0.0464547874202028,NA
"COA6-AS1","ENSG00000231663",6.52664736749372,0.781691913262124,0.249010574990815,3.13919163188535,0.00169414618247846,NA
"DBI","ENSG00000155368",202.009960615542,0.781517953877908,0.197240852513689,3.96225195702635,7.42461265016634e-05,0.00927510297255102
"UQCRQ","ENSG00000164405",206.675009816088,0.781164019246395,0.177954395600329,4.38968656329694,1.13514156180223e-05,0.0032810042671621
"BATF3","ENSG00000123685",8.69723069999956,0.779688590492825,0.240808410108499,3.23779634665387,0.00120456762971181,NA
"CISD3","ENSG00000277972",31.9474487536794,0.779333756820409,0.138026850516629,5.64624747940993,1.6398773996089e-08,2.68593697195943e-05
"MIR9-3HG","ENSG00000255571",6.85593294110519,0.775962672725493,0.221191235193066,3.50810768811972,0.000451306324924725,NA
"H1-2","ENSG00000187837",616.11459954618,0.775420044758099,0.173669769777416,4.46491088087418,8.01020868453714e-06,0.00268360195951732
"TMEM263-DT","ENSG00000260329",3.69752523985093,0.774741694420344,0.325375270777999,2.38107122452137,0.0172623739233428,NA
"KLHL17","ENSG00000187961",5.49829713098418,0.774545982184689,0.296235682353461,2.61462756961371,0.00893247962978795,NA
"MAGEE1","ENSG00000198934",5.83498924455158,0.774217952694282,0.253651455958909,3.05229059209384,0.00227102128038828,NA
"DTL","ENSG00000143476",33.0982058284974,0.772850665007694,0.184717890869621,4.18395132907398,2.86485472180127e-05,0.00515010042122835
"CEP55","ENSG00000138180",20.0455603058703,0.771729707466405,0.193810151199633,3.98188486356162,6.83709002142626e-05,0.0091957655210569
"TCF19","ENSG00000137310",10.0648957287938,0.771238160001756,0.224104701098081,3.44141892705864,0.000578671852463235,NA
"SDF2L1","ENSG00000128228",92.5085674620901,0.77049902193736,0.17319175089026,4.44882055858176,8.63431120740687e-06,0.0028284084779641
"LINC01871","ENSG00000235576",210.193969191044,0.767662892754654,0.251560272314825,3.05160622418922,0.00227620493282753,0.0576192012054018
"RPS7","ENSG00000171863",395.81095453383,0.762947986737957,0.237108235183911,3.21772032146494,0.0012921374553395,0.0434748989557998
"LOC124904631","ENSG00000273727",5.47984605499535,0.758679727765942,0.256023189906025,2.96332425216802,0.00304335795512994,NA
"FBXO5","ENSG00000112029",13.6778130109988,0.758091164432389,0.196046607101132,3.86689254989922,0.000110230966260762,0.011598473869192
"LPP-AS2","ENSG00000270959",2.89490049502171,0.756455939430428,0.317323266281655,2.38386535060748,0.0171318694813917,NA
"RPA3","ENSG00000106399",40.0049558184636,0.75638010732811,0.227002984100958,3.33202715516601,0.000862158431241146,0.0368427368107139
"S100A5","ENSG00000196420",3.32649502804972,0.755811287285812,0.322126579656255,2.34631767453759,0.0189599399321698,NA
"GINS2","ENSG00000131153",9.43612215235134,0.755684295429825,0.223301447176192,3.38414419156705,0.000714004953396802,NA
"WDR86-AS1","ENSG00000243836",4.9207228129352,0.755472846787857,0.321705007700339,2.34834033883477,0.0188572818820208,NA
"TXNDC17","ENSG00000129235",48.1407521257724,0.75523003287704,0.198649343969341,3.80182495338922,0.000143634195650152,0.013233197987993
"EEF1B2","ENSG00000114942",248.03202284578,0.753124725245566,0.258996624323096,2.90785537152812,0.00363916600115758,0.0734862274288547
"BOLA2","ENSG00000169627",94.1583071514209,0.750812182610368,0.16497044641759,4.55119204023875,5.33428316756411e-06,0.00182866670169913
"SOWAHC","ENSG00000198142",4.0082782900853,0.749911299942753,0.292631004662773,2.56265155774231,0.0103876239775599,NA
"ROMO1","ENSG00000125995",168.084915471121,0.745941932296359,0.257936189526895,2.89196306134692,0.00382842955759444,0.0761883247101191
"IGFN1","ENSG00000163395",2.64934814250582,-0.744374122970595,0.367484579088697,-2.02559281485097,0.0428065284515308,NA
"CLSPN","ENSG00000092853",50.4615303776426,0.743336282016469,0.173265309343599,4.29016220749864,1.78542663369802e-05,0.00387043735402096
"IFI35","ENSG00000068079",61.0190747762473,0.737467303044515,0.200250112791012,3.68273102454709,0.000230748590841459,0.0176241708683624
"ABCG8","ENSG00000143921",6.87698703978405,0.735481310209956,0.266345279477697,2.76138293741205,0.00575571461176877,NA
"NXT2","ENSG00000101888",7.99921516827553,0.733808617054039,0.202634319022991,3.62134420562185,0.000293076275693445,NA
"ANTKMT","ENSG00000103254",6.17572046179906,0.731419822408349,0.230272595446441,3.17632161564995,0.00149155489926966,NA
"ESCO2","ENSG00000171320",13.9303278136653,0.72746637175406,0.219000324394774,3.32175933421321,0.000894518125643092,0.0373146977460355
"DUSP5","ENSG00000138166",30.0503506908536,0.726327654305098,0.168061414223797,4.32179901412641,1.54762134834389e-05,0.00359518125157584
"H4C3","ENSG00000197061",999.728387975088,0.7254983640676,0.217953979766061,3.32867683740535,0.000872595895142503,0.0371761158679065
"RPLP0","ENSG00000089157",703.919047717556,0.725488724421985,0.179345846432191,4.04519390247649,5.22798344264929e-05,0.00786384733960135
"SERPINB2","ENSG00000197632",3.41736183077643,0.724355745926995,0.318153289416959,2.27675076770205,0.02280111299104,NA
"RN7SL832P","ENSG00000243819",10.3671820841676,0.722254911948182,0.194623529191227,3.71103594179783,0.000206412790746115,NA
"PDILT","ENSG00000169340",4.8922656284669,0.7216790199974,0.311242806279949,2.31870104444528,0.0204112518622268,NA
"PIP","ENSG00000159763",2.9881890846272,-0.721288860521458,0.297939688223434,-2.42092238473628,0.0154811823134715,NA
"GBP4","ENSG00000162654",316.211682504077,0.719965522642811,0.200130375596183,3.59748249358975,0.000321312114662617,0.021431954218288
"LOC101927914","ENSG00000234210",3.8836488603979,-0.719673151404671,0.287468041323938,-2.50348925080578,0.01229754158898,NA
"SYCP2L","ENSG00000153157",26.8898612787623,-0.71836906777446,0.318708727570291,-2.2539987318547,0.0241962477544416,0.194798955842831
"HAO1","ENSG00000101323",9.11573265339061,0.717553403358098,0.337223185823335,2.12782938280528,0.0333512322497151,NA
"TIMM8B","ENSG00000150779",21.2289393978389,0.715110152616194,0.207683988292525,3.44326088157048,0.000574744597519415,0.0292883053509302
"IL1R1","ENSG00000115594",663.042025931862,-0.713858009914876,0.203411012373601,-3.50943639474026,0.000449057449809572,0.0256158904894903
"CENPE","ENSG00000138778",64.5415886198916,0.711917098899642,0.142224111614445,5.00560060328994,5.56881183132281e-07,0.000456054751141831
"EXO1","ENSG00000174371",10.9528311328947,0.710301623823988,0.231642725674773,3.06636706054501,0.00216677136939146,NA
"CDCA2","ENSG00000184661",14.9594843749501,0.70852898124551,0.204326329103863,3.46763427088905,0.000525061357219834,0.0280432227057159
"LINC01093","ENSG00000249173",3.76356334060132,-0.707519186000873,0.308059212206775,-2.29669867988227,0.0216359648165284,NA
"RPSA","ENSG00000168028",509.253344971494,0.706458596406473,0.191075367602954,3.69727718056501,0.000217924355343207,0.016996946677853
"LILRB1","ENSG00000104972",31.3256721423091,0.70588708153213,0.24240053406802,2.91206900284325,0.00359043310408753,0.0729016176134357
"NCAPH","ENSG00000121152",25.4598890390753,0.70174491012234,0.161636106329692,4.3415108545796,1.4150628648895e-05,0.00359518125157584
"PNMA3","ENSG00000183837",12.2909069153763,0.699872382132817,0.289181244182417,2.42018594294218,0.0155125725758498,0.158249710962354
"SLC39A1","ENSG00000143570",4.70124845633373,0.699782617378284,0.273599711064127,2.55768770608924,0.0105370673197691,NA
"AQP1","ENSG00000240583",7.30573126368773,-0.699646056155382,0.331368601881079,-2.11138307064611,0.0347393990093827,NA
"ZDHHC12","ENSG00000160446",4.78581835518271,0.697866896825786,0.325710181277503,2.14260080568746,0.0321451664187087,NA
"LGALS3BP","ENSG00000108679",11.1736331287918,0.697355621418958,0.244239113512829,2.85521680532274,0.00430074589948958,NA
"CDKN2C","ENSG00000123080",8.34552043701068,0.69606154953829,0.229571856038396,3.03199861494291,0.0024294031862571,NA
"RPS18","ENSG00000231500",1539.93254971275,0.694610835275804,0.23835813317003,2.91414782469501,0.00356660975211524,0.0726179480054292
"PSMG1","ENSG00000183527",9.43969834171876,0.694259501336264,0.217803713917492,3.18754666230926,0.00143485304072027,NA
"ZNF688","ENSG00000229809",24.1199295976938,0.693854542167264,0.164589777772011,4.21565999759955,2.49048745618011e-05,0.00483056257783566
"LOC100289479","ENSG00000236391",7.64276589595013,0.693585735509516,0.239078650753296,2.90107767182116,0.00371881687755177,NA
"CPSF4L","ENSG00000187959",4.17834976190993,0.693113214293981,0.293441648214633,2.36201377177045,0.0181759669777693,NA
"APOL6","ENSG00000221963",645.03462831288,0.691715817204076,0.169873421802348,4.07194845353091,4.66214981141017e-05,0.00741412632650002
"UQCC4","ENSG00000174109",8.93025015740929,0.689984973105025,0.310681714583634,2.2208740994935,0.0263594899470351,NA
"INKA1","ENSG00000185614",3.94131682174076,-0.687363927426228,0.335250433418204,-2.05029989198786,0.0403351751347635,NA
"RPS29","ENSG00000213741",9502.5325074161,0.686817544184634,0.216575269505476,3.17126487134428,0.00151776682991275,0.0471521105662993
"XCL2","ENSG00000143185",8.92491650435408,0.686290270442664,0.326237196181432,2.1036542689663,0.0354086163284711,NA
"ZBP1","ENSG00000124256",237.90275895533,0.685133679080591,0.188556846614847,3.63356564018102,0.000279531291281588,0.0198104363691437
"H1-4","ENSG00000168298",92.5734671330347,0.685066545724737,0.230717010815429,2.96929360909925,0.00298485247808841,0.0656747060948346
"CXCR3","ENSG00000186810",27.3130393193888,0.682232517917787,0.196586422520444,3.47039489895004,0.000519693683866405,0.0279591408535572
"MAGEH1","ENSG00000187601",20.0429108979499,0.682136446306471,0.218095811829834,3.12769163508145,0.001761849219648,0.0506265484343687
"PDCD5","ENSG00000105185",49.3254996508137,0.68062839103686,0.20692095854866,3.28931586152885,0.00100431247737883,0.039187522942927
"KIF18B","ENSG00000186185",10.1541428511046,0.679607209316752,0.246415133979444,2.75797674575234,0.00581603351629019,NA
"CDC42EP5","ENSG00000167617",2.8509432612844,-0.679362779421992,0.331149751307972,-2.05152737315565,0.0402156167291187,NA
"RPS21","ENSG00000171858",1425.27298685252,0.678918445246451,0.264453386595448,2.56725184724156,0.0102508131071872,0.128615485127661
"POMC","ENSG00000115138",6.21859870273724,0.678619802889336,0.264123938016328,2.56932335624718,0.0101897326690076,NA
"UBE2L6","ENSG00000156587",264.207969469015,0.677817090411777,0.175968295999539,3.85192734044292,0.000117191799316677,0.0119966966231051
"RNVU1-24","ENSG00000201699",6.97311466083996,0.676968801115241,0.218509932001537,3.09811455668971,0.00194756129455075,NA
"RPL22L1","ENSG00000163584",27.585347452617,0.675866653900914,0.300174810503339,2.25157684872894,0.0243490254503558,0.195308473396907
"LINC02471","ENSG00000223914",33.2097511512823,0.675461952288998,0.264004896527006,2.55852054706077,0.0105118607879577,0.130214571323768
"BMI1","ENSG00000168283",15.02191104057,0.674961930187317,0.20980137326786,3.21714734119291,0.00129472089014288,0.0434748989557998
"CCNQ","ENSG00000262919",40.6876646506159,0.674845830649289,0.213962127933424,3.15404336817623,0.00161025154750687,0.0485413457296498
"LINC02141","ENSG00000261807",83.4491076253696,-0.674732900397471,0.342569163838138,-1.96962532423461,0.0488813270927861,0.27660638874271
"MRPL17","ENSG00000158042",16.8008754705971,0.674338553329187,0.200411479248154,3.36477010128848,0.000766074615202852,0.0343582364786484
"FGFBP2","ENSG00000137441",58.4082426084823,0.673243490715149,0.247403555673427,2.72123611515038,0.00650382885210168,0.0999717842636402
"DDX60","ENSG00000137628",359.670404757621,0.672707739699838,0.206308305796993,3.26069150294793,0.00111140888298771,0.0410391605345382
"RPL41","ENSG00000229117",4202.9787030698,0.67204870433561,0.208487732821887,3.22344482929241,0.00126658694635673,0.0431935372860184
"TMEM160","ENSG00000130748",7.39285537382985,0.671986722172373,0.239044305474565,2.8111388005596,0.0049366484433427,NA
"CACNB4","ENSG00000182389",193.645491404019,-0.671682366432437,0.1955310026288,-3.43517067576016,0.000592180737120851,0.0295544167571212
"PTRHD1","ENSG00000184924",27.9368859772946,0.670699542588839,0.206972738330927,3.24052118166626,0.00119311407664344,0.0423669817943216
"CELP","ENSG00000170827",4.01050131081044,0.670157338225065,0.264471610859355,2.53394810901444,0.0112785432023441,NA
"LINC02033","ENSG00000279727",4.17610576691371,0.670065546932092,0.270129861129497,2.48053119388704,0.0131186784585186,NA
"MRPL23","ENSG00000214026",26.2461324375539,0.669715158634896,0.195642405074267,3.42315950563309,0.000618977445315299,0.0300142977677395
"ENAM-AS1","ENSG00000286848",21.274131543911,0.668120894708912,0.23254798472521,2.87304530072964,0.00406535818092322,0.0790309591414492
"RPS9P4","ENSG00000243829",22.8496770644688,0.667662446286465,0.253586822502809,2.63287516163846,0.00846654605902382,0.115872116317764
"GGACT","ENSG00000134864",4.55396413950376,0.665134274613478,0.295180777245413,2.25331161744481,0.0242395077673249,NA
"COXFA4","ENSG00000189043",100.305942884375,0.665070815845795,0.229543077585203,2.89736821010833,0.00376307806294168,0.0753689316926946
"LOC105371622","ENSG00000287697",8.81433266158538,0.663850520660948,0.190034953202244,3.49330746515062,0.000477076868658739,NA
"CHST10","ENSG00000115526",9.92852593512014,0.663729974292079,0.212139088096477,3.12874906858385,0.00175552157673674,NA
"SCNN1D","ENSG00000162572",4.8885309003387,0.663530758847107,0.298942962142286,2.21958983109056,0.0264466231857405,NA
"IFI27L2","ENSG00000119632",51.4643860915344,0.663335858571919,0.203565968773952,3.25857933213048,0.00111971564954005,0.0410590258454473
"DEFB131A","ENSG00000186146",4.89522999406612,0.661218842595379,0.288296478652985,2.29353770009544,0.0218170674649173,NA
"RIMBP3C","ENSG00000183246",5.35518200853406,0.661109230671717,0.242484203855513,2.72640122597696,0.00640291133242062,NA
"APOL1","ENSG00000100342",215.047838215899,0.660229587593616,0.178530239380287,3.69813870123853,0.000217186209545504,0.016996946677853
"RAN","ENSG00000132341",376.265558403168,0.659397860891728,0.214418585418248,3.07528314117686,0.00210302801663963,0.0554574883600801
"SNHG15","ENSG00000232956",12.3085285444704,0.657674686816422,0.194972479249161,3.37316676358185,0.000743089324832878,0.0339129403633481
"MT1F","ENSG00000198417",31.8482727323584,0.657554901471679,0.177274994021982,3.7092366303515,0.000207885073484524,0.0163873468889592
"MYCBPAP","ENSG00000136449",7.9990173707531,0.656581245695521,0.223077127052193,2.94329254806075,0.00324741386000855,NA
"IRF7","ENSG00000185507",32.1733263512715,0.655508114342823,0.230946086178608,2.83835991849573,0.00453460185104163,0.0831400073211501
"SMIM24","ENSG00000095932",28.681033637354,-0.655503381030134,0.263944292043135,-2.48349140629648,0.0130101473561905,0.145731445423711
"PCNA","ENSG00000132646",27.2891173886421,0.655329761480606,0.245375736273499,2.67071949098573,0.00756888688993837,0.107695908923341
"LRATD2","ENSG00000168672",3.84795696124645,0.653817644746904,0.275499902707969,2.37320463027515,0.0176344910913997,NA
"SLAMF7","ENSG00000026751",201.066075225066,0.653514816453553,0.149173967858656,4.38089048534773,1.18195269658436e-05,0.00335060859622116
"TRAPPC2L","ENSG00000167515",37.3052355381155,0.652745613062009,0.174171379192553,3.74772029760626,0.000178449086772089,0.0149793262375373
"CCR10","ENSG00000184451",7.60398335882762,0.652454107141133,0.268111002323637,2.43352231533399,0.0149527136978221,NA
"PTENP1-AS","ENSG00000281128",4.23934833930706,-0.651505086325145,0.325662427550948,-2.00055342958844,0.0454405365636253,NA
"RPL13AP5","ENSG00000236552",492.026281518547,0.651446957815846,0.171893040695845,3.7898390486241,0.000150744928077299,0.0135863178983115
"CD8A","ENSG00000153563",142.770071696638,0.651260773370488,0.225091194373536,2.89331963954898,0.00381193149424197,0.0761404907271286
"RPS6KB2","ENSG00000175634",13.961623369192,0.650695444445726,0.182125640462642,3.57278328736584,0.000353207054684399,0.0225823289674449
"DHRS9","ENSG00000073737",167.617461608908,0.649749438758182,0.223252471088225,2.91037960561437,0.00360990015104638,0.0730955194046356
"KCNJ2-AS1","ENSG00000267365",6.45528792359096,0.649115934353243,0.260537183485849,2.49145218225059,0.0127222090802731,NA
"FAM86LP","ENSG00000242731",5.88454897273183,0.648245154853697,0.265280701874797,2.44361972157193,0.014540744239099,NA
"NOC4L","ENSG00000184967",5.18349376137565,0.647849930707425,0.252026779060219,2.57055989495714,0.0101534267633814,NA
"TNS1","ENSG00000079308",214.833352482814,-0.647843812866074,0.26167632340507,-2.47574486081121,0.0132958554833984,0.147364064421636
"HRH4","ENSG00000134489",44.9071662081089,-0.647096179894752,0.230873825623792,-2.80281308695942,0.00506590194047698,0.0873408894790307
"DNPH1","ENSG00000112667",48.2590885847445,0.646424966082877,0.136334918669988,4.74144828330894,2.12195827756336e-06,0.00100902538611489
"BUB1","ENSG00000169679",17.8053776638857,0.645327908631681,0.179859843409855,3.58794879611421,0.00033328972131683,0.0219702425524684
"KHDC1","ENSG00000135314",6.58330108096898,0.645036988602183,0.250040458412324,2.57973046721302,0.00988774558909001,NA
"LOC105373525","ENSG00000236109",4.32371017005328,0.644807857706239,0.306804654991028,2.1016886387369,0.0355805594575104,NA
"TRIM68","ENSG00000167333",7.81815581001959,0.644748615134536,0.190920622310909,3.37705066812836,0.000732675523165744,NA
"ENTPD1","ENSG00000138185",21.7384247552036,-0.644217731392402,0.163500177587708,-3.94016533129952,8.14254724291207e-05,0.00983846630391531
"RNF207","ENSG00000158286",6.02076321271023,0.642691627209116,0.257060588104423,2.50015621588807,0.0124138553227548,NA
"RNA5SP207","ENSG00000212176",3.18760406820222,-0.642486583860431,0.311287304572204,-2.06396654930527,0.0390208880887307,NA
"SCOC","ENSG00000153130",20.1490445043256,0.642219927133388,0.223013378580353,2.87973722124475,0.00398006751172059,0.0778119034353756
"IRF6","ENSG00000117595",3.91921239832041,-0.642101211939332,0.304113047787429,-2.11138988152903,0.0347388140693918,NA
"RDH14","ENSG00000240857",17.4444639696267,0.641720326145346,0.202595349668839,3.16749780878138,0.00153756868791529,0.0471771177768392
"RPS4XP11","ENSG00000234335",5.72454957055977,0.641482058471327,0.321852330520013,1.99309434060922,0.0462511176034208,NA
"TIFA","ENSG00000145365",48.7862218592768,0.640569911764231,0.160538252809125,3.99013880215731,6.6034639853568e-05,0.0091957655210569
"SLC6A8","ENSG00000130821",167.071635537784,-0.640333602880576,0.270906366211971,-2.3636713002881,0.0180948591339676,0.170505037454728
"TFAP2E-AS1","ENSG00000239636",14.5909550036304,0.640323788257994,0.165492414730389,3.86920324596855,0.000109191592301203,0.0115798076410938
"TNFAIP6","ENSG00000123610",145.58763369737,0.638352809990986,0.230100040422304,2.77424032094654,0.00553307877042748,0.0915363975832623
"CDC37L1-DT","ENSG00000273061",13.333217669357,0.638071999598456,0.187638258562966,3.40054317539052,0.000672521144484163,0.0315720834103218
"ANGPT1","ENSG00000154188",157.160858071502,-0.637887196181718,0.151206290202313,-4.21865515864604,2.45763819123016e-05,0.00483040594358983
"BMP2K-DT","ENSG00000260278",3.56582972546902,0.636460397997641,0.293312676102139,2.16990416662391,0.0300141066285983,NA
"CNTNAP3","ENSG00000106714",1483.06914678341,-0.635946268712847,0.179773915823053,-3.53747798061423,0.00040396786813871,0.0248270309777983
"ZNF408","ENSG00000175213",10.2079257108075,0.634924800593332,0.165239680461712,3.84244752119605,0.000121813465508378,NA
"CDC42EP1","ENSG00000128283",7.83709734163333,-0.633138495159264,0.232164765916969,-2.72710845101147,0.00638920357761339,NA
"RPL35","ENSG00000136942",219.320845065841,0.632816854485943,0.200691430626999,3.1531832351232,0.00161500398472515,0.0485852525282314
"CIMAP1B","ENSG00000177989",12.4383501974146,0.632541935824156,0.259253074489483,2.43986281385379,0.0146928403818445,0.154445001282515
"LOC100289473","ENSG00000286288",270.331826383637,-0.629893629030583,0.145466764811272,-4.3301549315942,1.49004469120255e-05,0.00359518125157584
"B4GALT2","ENSG00000117411",8.65175507557862,0.628813613182618,0.244141546764199,2.5756108352584,0.0100063197686472,NA
"NCBP2AS2","ENSG00000270170",38.8858786250797,0.627904770575098,0.158070159588192,3.97231692693252,7.11769346478806e-05,0.00923946430602155
"STAT2","ENSG00000170581",202.427221307269,0.627272856273772,0.167321329583134,3.74891149763491,0.000177603741483765,0.0149793262375373
"SEC11C","ENSG00000166562",76.1341134298579,0.626324567941121,0.211014834098455,2.96815420876473,0.00299593983704825,0.0656747060948346
"SAMD9","ENSG00000205413",432.555110476633,0.626188463724559,0.160507842389608,3.90129512927215,9.56794165062856e-05,0.0107974834691554
"PART1","ENSG00000152931",4.04899266995067,-0.624081077513664,0.277778577709557,-2.24668540914699,0.0246601393892397,NA
"TNKS2-DT","ENSG00000228701",5.1901015140284,0.622916382443673,0.256456481397922,2.42893600913578,0.0151432048143223,NA
"LINC02218","ENSG00000249662",251.10615540334,-0.622081763822926,0.156885295013082,-3.96520122406025,7.33340562922815e-05,0.00923946430602155
"RS1","ENSG00000102104",6.82138449910943,0.621407675322516,0.268858613776523,2.31128051504064,0.020817365564629,NA
"TRIM58","ENSG00000162722",555.192026288851,-0.620924319928645,0.2784849389439,-2.22965134948906,0.0257705980318063,0.200441613903493
"THOC6","ENSG00000131652",4.38853022031755,-0.620707463439463,0.267895448976882,-2.31697651382285,0.0205050111824516,NA
"SLC2A11","ENSG00000133460",6.43805293039116,0.619709156784794,0.254325617078741,2.43667611585084,0.0148229493478051,NA
"RUNDC3A","ENSG00000108309",42.8768403650911,-0.618014161434403,0.256684716751036,-2.40767806224251,0.0160543311336007,0.160762340751013
"CPNE9","ENSG00000144550",3.86013223012028,-0.617933660340678,0.272159150824534,-2.27048643585412,0.023178085364426,NA
"FUOM","ENSG00000148803",12.4292134283444,0.617371450986167,0.235185186295707,2.62504395242787,0.00866377827319989,0.117207747084737
"RPL13AP20","ENSG00000234498",330.541030838686,0.617264492960746,0.191228765487351,3.22788515309208,0.00124709031623086,0.0430439226360394
"PDRG1","ENSG00000088356",28.2980968846462,0.615329024243624,0.143708974100743,4.28177174107628,1.85411121380105e-05,0.00390449334323446
"NPM3","ENSG00000107833",108.372267998727,0.614931799299527,0.288528388061493,2.13126965922143,0.0330669331334874,0.229061137199375
"PARP14","ENSG00000173193",1803.52572671996,0.614890099921257,0.20096419269641,3.05969979861114,0.00221558950265906,0.0566031280046744
"MASP1","ENSG00000127241",5.08265623434909,0.613292852158235,0.30330004647335,2.02206646286196,0.0431694861275822,NA
"TMEM258","ENSG00000134825",220.252656885986,0.613059243232555,0.175790796727479,3.48743651343111,0.000487674689809641,0.0268239276212086
"MINCR","ENSG00000253716",9.35540837372742,0.612577699562135,0.253517117229916,2.41631691877667,0.0156784085645903,NA
"TRAV30","ENSG00000259092",11.2158131912648,0.611905028373158,0.26488646335824,2.3100653035093,0.0208845389896297,NA
"RPL27A","ENSG00000166441",2579.708551654,0.611673596097671,0.150212413737279,4.07205756754222,4.65996578992995e-05,0.00741412632650002
"BBLN","ENSG00000171159",7.67413691194576,0.611066381106687,0.233960167361258,2.61183939128894,0.00900565505585547,NA
"ATP5MC3","ENSG00000154518",490.812057095407,0.610931800031647,0.218291870758268,2.79869240164321,0.00513099905924532,0.0880048116761294
"LINC02780","ENSG00000284668",4.42101075316616,0.610416301024207,0.283487939447594,2.15323552110777,0.0313001733490039,NA
"GZMAP1","ENSG00000249454",2.98247426383263,0.607790503066385,0.29297587977989,2.07454109711356,0.038029086091315,NA
"FASLG","ENSG00000117560",13.4200908654045,0.607581736719952,0.275872917232397,2.20239718641218,0.0276372644586428,0.209396004597925
"POTEJ","ENSG00000222038",10.5305932264504,0.607546668063058,0.293966558574054,2.06672034740989,0.0387605127329205,NA
"TRIM69","ENSG00000185880",144.350786798864,0.60752847880622,0.121158175427131,5.01434159654879,5.32153718757171e-07,0.000456054751141831
"DSTNP3","ENSG00000253833",7.96994822506602,-0.606896198387595,0.303498429455735,-1.99966833263666,0.0455360898597058,NA
"RPL13AP25","ENSG00000136149",2080.35049906315,0.606713162058928,0.173452174845742,3.49787001862907,0.000468989642726824,0.0262866019902514
"TNFRSF14","ENSG00000157873",78.8141783099063,0.606124709096017,0.131912049508907,4.59491541032488,4.32924854489839e-06,0.00155652323903286
"KAT2A","ENSG00000108773",19.3289538578437,0.605809870125283,0.160480868210676,3.77496630520462,0.000160029293008467,0.0142969200499261
"IRF9","ENSG00000213928",20.9999447671242,0.605010109230459,0.187129520301226,3.23310885560206,0.00122450893672942,0.0424717323207728
"STAT1","ENSG00000115415",1239.51363985778,0.604662693555956,0.182954536941344,3.30498878937237,0.000949801990153302,0.0384643712550819
"AKIP1","ENSG00000166452",14.1028628391316,0.604642762186945,0.167159275330065,3.61716549077545,0.000297846883155471,0.0206129619934028
"SNRPD2","ENSG00000125743",143.973914180742,0.604057682547941,0.182979108420583,3.30123852805916,0.000962590093772169,0.0386635982896336
"LYPD4","ENSG00000273111",9.35873146220512,-0.603992193968183,0.217777353332459,-2.77343894911849,0.00554672469226084,NA
"SPC25","ENSG00000152253",11.6774579772889,0.602799090402868,0.19716154981603,3.05738665051748,0.0022327606735839,NA
"LINC01992","ENSG00000260019",10.5775256778359,0.602495822185474,0.220982582997839,2.72644031041743,0.00640215308990952,NA
"UBE2L5","ENSG00000236444",7.38474842912939,0.599829549211797,0.222737105163357,2.69299337787423,0.00708136755025849,NA
"SSR3","ENSG00000114850",86.7871550095307,0.599565539643961,0.150747765822982,3.97727645494933,6.97091043765743e-05,0.0091957655210569
"IGSF5","ENSG00000183067",8.54893821156662,0.599372595441115,0.277262536322912,2.16175110921967,0.0306373658192197,NA
"TRGV7","ENSG00000249978",5.43713416902475,0.599166108495289,0.26890613957772,2.22816076061408,0.0258697966864903,NA
"ALG1L2","ENSG00000251287",6.37471051961957,0.59869374178719,0.251588022977732,2.37965915348911,0.0173286581885231,NA
"TMEM147","ENSG00000105677",63.3380484873984,0.596701247301787,0.141921342161651,4.20445042453257,2.61717292418794e-05,0.00491326914742789
"ASPDH","ENSG00000204653",9.81117728324858,0.596464052492547,0.29004272765914,2.05646960124274,0.0397372734801283,NA
"COQ10A","ENSG00000135469",8.28996658612123,0.59601876131702,0.216042468178922,2.75880370346171,0.00580133709409049,NA
"GUCY2D","ENSG00000132518",5.51562997996376,-0.594824586438822,0.271908834457092,-2.1875883055675,0.0286996044503848,NA
"TUBG1","ENSG00000131462",9.37743112644614,0.594216006523801,0.212902927332177,2.79101848889419,0.0052542470833328,NA
"FGF1","ENSG00000113578",5.20881240370378,0.593866199606414,0.280547674128958,2.11681027636477,0.0342759528521424,NA
"FAU","ENSG00000149806",1597.94576493297,0.593598486917505,0.158163908960264,3.7530590311007,0.000174689697273374,0.0149793262375373
"CNTNAP3","ENSG00000283378",738.820341908165,-0.592051668275825,0.178464538124579,-3.31747513818425,0.000908349993593258,0.0373146977460355
"RPL11","ENSG00000142676",1322.91465618428,0.591220003218554,0.20608026567301,2.86888218669443,0.00411925201673527,0.0793521699423774
"RIN1","ENSG00000174791",6.44233756685466,0.589136322974064,0.247735232958973,2.37808855824569,0.0174026458747919,NA
"RPS5","ENSG00000083845",740.089160002151,0.588600560272626,0.170976488987586,3.44258186466422,0.000576189441134913,0.0292883053509302
"LRRC14","ENSG00000160959",5.09255220618517,0.587148994277203,0.267168519796384,2.19767281985424,0.0279724298046591,NA
"COPS9","ENSG00000172428",111.862151604629,0.586505831879231,0.178835445013474,3.27958381983529,0.00103960322711223,0.0399893645742019
"KIF23","ENSG00000137807",11.7965544318324,0.58628991000323,0.186316249640786,3.14674598234768,0.0016509832452062,NA
"CPNE5","ENSG00000124772",251.138724383806,0.584675400035519,0.191684636578408,3.05019437380084,0.00228693306509805,0.0577254799873465
"DHRS11","ENSG00000278535",3.88488053227816,-0.584596147686478,0.282138543672873,-2.07201802375605,0.0382637603638027,NA
"DNAJB9","ENSG00000128590",14.9039406296253,0.584415163665492,0.258682683848472,2.25919707871835,0.0238711284696514,0.193925138131627
"PCBD1","ENSG00000166228",15.7297086481383,0.583962914681468,0.167576031321666,3.48476396102577,0.000492571351994938,0.0268925714805829
"LOC105372066","ENSG00000267627",9.02382057404588,0.583311945754114,0.213680153693177,2.72983679425695,0.00633656869570294,NA
"CCNE1","ENSG00000105173",9.6068663419273,0.582533019139168,0.249554204570216,2.33429454792161,0.0195803040284662,NA
"USP41P","ENSG00000161133",6.85162097643305,0.582016003783097,0.228483732217757,2.54729734206374,0.0108560888307919,NA
"TOMM7","ENSG00000196683",1383.95273843501,0.58113761251754,0.19131587972048,3.0375816861967,0.00238484757994745,0.0587080416866927
"MOCS3","ENSG00000124217",6.39227429516851,0.58031185803074,0.266320199009608,2.17900054216242,0.0293316279400921,NA
