Gene_ID,Chrom,Gene_Name,Biotype,Description,baseMean,LogFC,lfcSE,stat,pvalue,padj
ENSG00000131747,17,TOP2A,protein_coding,DNA topoisomerase II alpha [Source:HGNC Symbol;Acc:HGNC:11989],79.10714563,1.428773044,0.174255901,8.19928067,2.42e-16,4.3e-12
ENSG00000164611,5,PTTG1,protein_coding,PTTG1 regulator of sister chromatid separationsecurin [Source:HGNC Symbol;Acc:HGNC:9690],15.43808051,1.96312962,0.24476092,8.020600743,1.05e-15,9.37e-12
ENSG00000117632,1,STMN1,protein_coding,stathmin 1 [Source:HGNC Symbol;Acc:HGNC:6510],88.0631249,1.190798061,0.171656715,6.93708987,4e-12,2.37e-08
ENSG00000253755,14,IGHGP,IG_C_pseudogene,immunoglobulin heavy constant gamma P (non-functional) [Source:HGNC Symbol;Acc:HGNC:5529],12.3942005,2.966223356,0.430449244,6.890994461,5.54e-12,2.47e-08
ENSG00000148773,10,MKI67,protein_coding,marker of proliferation Ki-67 [Source:HGNC Symbol;Acc:HGNC:7107],84.79274499,1.178558376,0.195154005,6.039119596,1.55e-09,5.52e-06
ENSG00000189057,11,FAM111B,protein_coding,FAM111 trypsin like peptidase B [Source:HGNC Symbol;Acc:HGNC:24200],24.63034251,1.432903308,0.244554396,5.859241673,4.65e-09,1.38e-05
ENSG00000164687,8,FABP5,protein_coding,fatty acid binding protein 5 [Source:HGNC Symbol;Acc:HGNC:3560],9.412544398,1.533863998,0.26529933,5.781635408,7.4e-09,1.65e-05
ENSG00000117724,1,CENPF,protein_coding,centromere protein F [Source:HGNC Symbol;Acc:HGNC:1857],66.09385149,0.950739974,0.163990183,5.797541997,6.73e-09,1.65e-05
ENSG00000171848,2,RRM2,protein_coding,ribonucleotide reductase regulatory subunit M2 [Source:HGNC Symbol;Acc:HGNC:10452],55.16934212,0.840968793,0.146455575,5.742142576,9.35e-09,1.85e-05
ENSG00000173207,1,CKS1B,protein_coding,CDC28 protein kinase regulatory subunit 1B [Source:HGNC Symbol;Acc:HGNC:19083],20.83386269,1.004653971,0.177028151,5.675108534,1.39e-08,2.47e-05
ENSG00000133321,11,PLAAT4,protein_coding,phospholipase A and acyltransferase 4 [Source:HGNC Symbol;Acc:HGNC:9869],337.5007265,0.79841401,0.141640026,5.636923619,1.73e-08,2.8e-05
ENSG00000065328,10,MCM10,protein_coding,minichromosome maintenance 10 replication initiation factor [Source:HGNC Symbol;Acc:HGNC:18043],14.79170348,1.009750439,0.180188516,5.603855695,2.1e-08,3.03e-05
ENSG00000167088,18,SNRPD1,protein_coding,small nuclear ribonucleoprotein D1 polypeptide [Source:HGNC Symbol;Acc:HGNC:11158],184.0031055,0.512480767,0.091608926,5.594223064,2.22e-08,3.03e-05
ENSG00000211677,22,IGLC2,IG_C_gene,immunoglobulin lambda constant 2 [Source:HGNC Symbol;Acc:HGNC:5856],276.8488493,1.427768686,0.256469866,5.567003679,2.59e-08,3.29e-05
ENSG00000089685,17,BIRC5,protein_coding,baculoviral IAP repeat containing 5 [Source:HGNC Symbol;Acc:HGNC:593],8.388669518,1.602538473,0.288530075,5.554147079,2.79e-08,3.31e-05
ENSG00000237649,6,KIFC1,protein_coding,kinesin family member C1 [Source:HGNC Symbol;Acc:HGNC:6389],15.06299805,1.005321033,0.182291328,5.51491419,3.49e-08,3.86e-05
ENSG00000277972,17,CISD3,protein_coding,CDGSH iron sulfur domain 3 [Source:HGNC Symbol;Acc:HGNC:27578],30.02630858,0.77484095,0.140745846,5.505249166,3.69e-08,3.86e-05
ENSG00000138778,4,CENPE,protein_coding,centromere protein E [Source:HGNC Symbol;Acc:HGNC:1856],56.12077143,0.673999601,0.123224151,5.469703729,4.51e-08,4.46e-05
ENSG00000173141,13,MRPL57,protein_coding,mitochondrial ribosomal protein L57 [Source:HGNC Symbol;Acc:HGNC:14514],92.59950773,0.535696937,0.099318323,5.393737229,6.9e-08,6.46e-05
ENSG00000170476,5,MZB1,protein_coding,marginal zone B and B1 cell specific protein [Source:HGNC Symbol;Acc:HGNC:30125],17.48020969,1.622884436,0.302881679,5.358146595,8.41e-08,7.35e-05
ENSG00000211679,22,IGLC3,IG_C_gene,immunoglobulin lambda constant 3 (Kern-Oz+ marker) [Source:HGNC Symbol;Acc:HGNC:5857],261.7130166,1.422061627,0.266031428,5.34546478,9.02e-08,7.35e-05
ENSG00000066279,1,ASPM,protein_coding,assembly factor for spindle microtubules [Source:HGNC Symbol;Acc:HGNC:19048],34.50275884,1.014606642,0.189852676,5.344178786,9.08e-08,7.35e-05
ENSG00000112667,6,DNPH1,protein_coding,2'-deoxynucleoside 5'-phosphate N-hydrolase 1 [Source:HGNC Symbol;Acc:HGNC:21218],47.59106818,0.6471229,0.121825538,5.311882132,1.08e-07,8.4e-05
ENSG00000184990,14,SIVA1,protein_coding,SIVA1 apoptosis inducing factor [Source:HGNC Symbol;Acc:HGNC:17712],141.9530932,0.562857624,0.107731322,5.224642329,1.74e-07,0.000129415
ENSG00000104738,8,MCM4,protein_coding,minichromosome maintenance complex component 4 [Source:HGNC Symbol;Acc:HGNC:6947],18.57852338,0.901493546,0.174488321,5.16649792,2.39e-07,0.000169827
ENSG00000137959,1,IFI44L,protein_coding,interferon induced protein 44 like [Source:HGNC Symbol;Acc:HGNC:17817],273.9119743,2.41954016,0.470130495,5.146528857,2.65e-07,0.000181663
ENSG00000133816,11,MICAL2,protein_coding,microtubule associated monooxygenasecalponin and LIM domain containing 2 [Source:HGNC Symbol;Acc:HGNC:24693],1349.331471,-0.475851317,0.093058533,-5.113462475,3.16e-07,0.000208528
ENSG00000137078,9,SIT1,protein_coding,signaling threshold regulating transmembrane adaptor 1 [Source:HGNC Symbol;Acc:HGNC:17710],57.62283494,0.96367436,0.191397129,5.034946799,4.78e-07,0.00030386
ENSG00000239039,8,SNORD13,snoRNA,small nucleolar RNAC/D box 13 [Source:HGNC Symbol;Acc:HGNC:32711],244.9223811,1.358157638,0.272014817,4.992954629,5.95e-07,0.000364511
ENSG00000204220,6,PFDN6,protein_coding,prefoldin subunit 6 [Source:HGNC Symbol;Acc:HGNC:4926],35.52603834,0.803447261,0.161119568,4.986652288,6.14e-07,0.000364511
ENSG00000143575,1,HAX1,protein_coding,HCLS1 associated protein X-1 [Source:HGNC Symbol;Acc:HGNC:16915],89.68506968,0.52369706,0.105278612,4.974391742,6.55e-07,0.000375826
ENSG00000143476,1,DTL,protein_coding,denticleless E3 ubiquitin protein ligase homolog [Source:HGNC Symbol;Acc:HGNC:30288],29.27266002,0.735338097,0.148931854,4.937413158,7.92e-07,0.000427015
ENSG00000187951,15,AC091057.1,lncRNA,novel transcript,89.45542231,0.476060856,0.096327174,4.942124207,7.73e-07,0.000427015
ENSG00000130770,1,ATP5IF1,protein_coding,ATP synthase inhibitory factor subunit 1 [Source:HGNC Symbol;Acc:HGNC:871],202.2652968,0.566182053,0.11585184,4.887121778,1.02e-06,0.00053568
ENSG00000168062,11,BATF2,protein_coding,basic leucine zipper ATF-like transcription factor 2 [Source:HGNC Symbol;Acc:HGNC:25163],43.6639803,2.1440232,0.441476378,4.856484531,1.19e-06,0.000607682
ENSG00000163682,4,RPL9,protein_coding,ribosomal protein L9 [Source:HGNC Symbol;Acc:HGNC:10369],426.1670103,1.275785786,0.263695311,4.838105704,1.31e-06,0.00064813
ENSG00000160932,8,LY6E,protein_coding,lymphocyte antigen 6 family member E [Source:HGNC Symbol;Acc:HGNC:6727],83.32349929,1.398437115,0.290037828,4.821568011,1.42e-06,0.000667192
ENSG00000164405,5,UQCRQ,protein_coding,ubiquinol-cytochrome c reductase complex III subunit VII [Source:HGNC Symbol;Acc:HGNC:29594],189.1624961,0.77423591,0.160575381,4.821635221,1.42e-06,0.000667192
ENSG00000229119,5,AC026403.1,processed_pseudogene,60S acidic ribosomal protein (RPLP0) pseudogene,77.99514085,0.813242686,0.168934462,4.813953757,1.48e-06,0.000675364
ENSG00000185880,15,TRIM69,protein_coding,tripartite motif containing 69 [Source:HGNC Symbol;Acc:HGNC:17857],138.8194749,0.613486934,0.127843853,4.798720605,1.6e-06,0.000710587
ENSG00000169627,16,BOLA2B,protein_coding,bolA family member 2B [Source:HGNC Symbol;Acc:HGNC:32479],87.07825504,0.744270487,0.155894361,4.774197623,1.8e-06,0.000763208
ENSG00000204568,6,MRPS18B,protein_coding,mitochondrial ribosomal protein S18B [Source:HGNC Symbol;Acc:HGNC:14516],116.430835,0.489843766,0.102696015,4.769841993,1.84e-06,0.000763208
ENSG00000286288,20,AL109809.5,lncRNA,novel transcript,270.6701409,-0.627325917,0.131395468,-4.774334516,1.8e-06,0.000763208
ENSG00000149131,11,SERPING1,protein_coding,serpin family G member 1 [Source:HGNC Symbol;Acc:HGNC:1228],106.766199,1.979844407,0.416563263,4.752806072,2.01e-06,0.000802145
ENSG00000211895,14,IGHA1,IG_C_gene,immunoglobulin heavy constant alpha 1 [Source:HGNC Symbol;Acc:HGNC:5478],97.88574216,1.226442086,0.258408015,4.746145681,2.07e-06,0.000802145
ENSG00000197238,6,HIST1H4J,protein_coding,H4 clustered histone 11 [Source:HGNC Symbol;Acc:HGNC:4785],7.338166903,1.219550545,0.257190162,4.741824234,2.12e-06,0.000802145
ENSG00000090889,X,KIF4A,protein_coding,kinesin family member 4A [Source:HGNC Symbol;Acc:HGNC:13339],31.06583529,0.578227224,0.121901013,4.743416082,2.1e-06,0.000802145
ENSG00000165949,14,IFI27,protein_coding,interferon alpha inducible protein 27 [Source:HGNC Symbol;Acc:HGNC:5397],75.50347854,2.318221095,0.490305617,4.728114494,2.27e-06,0.000840362
ENSG00000152766,10,ANKRD22,protein_coding,ankyrin repeat domain 22 [Source:HGNC Symbol;Acc:HGNC:28321],69.04065629,2.157307339,0.457058521,4.719980572,2.36e-06,0.000856824
ENSG00000145649,5,GZMA,protein_coding,granzyme A [Source:HGNC Symbol;Acc:HGNC:4708],159.898584,0.99538289,0.211406292,4.708388205,2.5e-06,0.000874216
ENSG00000092853,1,CLSPN,protein_coding,claspin [Source:HGNC Symbol;Acc:HGNC:19715],44.19352499,0.697879426,0.14824084,4.707740626,2.5e-06,0.000874216
ENSG00000182054,15,IDH2,protein_coding,isocitrate dehydrogenase (NADP(+)) 2 [Source:HGNC Symbol;Acc:HGNC:5383],229.8788188,0.40543336,0.086479631,4.688194826,2.76e-06,0.000943487
ENSG00000134321,2,RSAD2,protein_coding,radical S-adenosyl methionine domain containing 2 [Source:HGNC Symbol;Acc:HGNC:30908],298.6907322,2.043276042,0.436738921,4.678483967,2.89e-06,0.000970616
ENSG00000089157,12,RPLP0,protein_coding,ribosomal protein lateral stalk subunit P0 [Source:HGNC Symbol;Acc:HGNC:10371],683.4972856,0.69805993,0.149964865,4.654823183,3.24e-06,0.001063719
ENSG00000143793,1,C1orf35,protein_coding,chromosome 1 open reading frame 35 [Source:HGNC Symbol;Acc:HGNC:19032],56.67348675,0.487312857,0.10475265,4.652033706,3.29e-06,0.001063719
ENSG00000198642,9,KLHL9,protein_coding,kelch like family member 9 [Source:HGNC Symbol;Acc:HGNC:18732],68.78089921,0.540182548,0.117267814,4.606400767,4.1e-06,0.001242766
ENSG00000184983,22,NDUFA6,protein_coding,NADH:ubiquinone oxidoreductase subunit A6 [Source:HGNC Symbol;Acc:HGNC:7690],153.6269968,0.462029621,0.100280744,4.607361318,4.08e-06,0.001242766
ENSG00000164951,8,PDP1,protein_coding,pyruvate dehyrogenase phosphatase catalytic subunit 1 [Source:HGNC Symbol;Acc:HGNC:9279],77.89038075,0.426461039,0.092602802,4.605271439,4.12e-06,0.001242766
ENSG00000123908,8,AGO2,protein_coding,argonaute RISC catalytic component 2 [Source:HGNC Symbol;Acc:HGNC:3263],674.4930015,-0.271628958,0.058962569,-4.606803276,4.09e-06,0.001242766
ENSG00000187608,1,ISG15,protein_coding,ISG15 ubiquitin like modifier [Source:HGNC Symbol;Acc:HGNC:4053],198.8641773,1.937169045,0.422209879,4.588166075,4.47e-06,0.001283773
ENSG00000229809,16,ZNF688,protein_coding,zinc finger protein 688 [Source:HGNC Symbol;Acc:HGNC:30489],23.19444217,0.692169206,0.150774334,4.590762804,4.42e-06,0.001283773
ENSG00000166595,16,CIAO2B,protein_coding,cytosolic iron-sulfur assembly component 2B [Source:HGNC Symbol;Acc:HGNC:24261],60.27791475,0.5304177,0.115552224,4.590285518,4.43e-06,0.001283773
ENSG00000214872,11,SMTNL1,protein_coding,smoothelin like 1 [Source:HGNC Symbol;Acc:HGNC:32394],89.91810607,1.126967961,0.247111185,4.560570424,5.1e-06,0.001441372
ENSG00000224877,17,NDUFAF8,protein_coding,NADH:ubiquinone oxidoreductase complex assembly factor 8 [Source:HGNC Symbol;Acc:HGNC:33551],132.3065482,0.569798943,0.125035472,4.557098367,5.19e-06,0.001442499
ENSG00000211890,14,IGHA2,IG_C_gene,immunoglobulin heavy constant alpha 2 (A2m marker) [Source:HGNC Symbol;Acc:HGNC:5479],26.69234828,1.236295912,0.271743979,4.549487783,5.38e-06,0.001472653
ENSG00000169442,1,CD52,protein_coding,CD52 molecule [Source:HGNC Symbol;Acc:HGNC:1804],773.3847102,0.848741469,0.188764656,4.496294427,6.91e-06,0.001787624
ENSG00000143314,1,MRPL24,protein_coding,mitochondrial ribosomal protein L24 [Source:HGNC Symbol;Acc:HGNC:14037],41.7833842,0.522074621,0.115983174,4.501296219,6.75e-06,0.001787624
ENSG00000136950,9,ARPC5L,protein_coding,actin related protein 2/3 complex subunit 5 like [Source:HGNC Symbol;Acc:HGNC:23366],136.2289024,0.446086207,0.099140021,4.499557321,6.81e-06,0.001787624
ENSG00000106462,7,EZH2,protein_coding,enhancer of zeste 2 polycomb repressive complex 2 subunit [Source:HGNC Symbol;Acc:HGNC:3527],179.5151612,0.320531419,0.071295098,4.495840914,6.93e-06,0.001787624
ENSG00000121152,2,NCAPH,protein_coding,non-SMC condensin I complex subunit H [Source:HGNC Symbol;Acc:HGNC:1112],23.34866892,0.697197642,0.155389287,4.486780619,7.23e-06,0.001838675
ENSG00000106153,7,CHCHD2,protein_coding,coiled-coil-helix-coiled-coil-helix domain containing 2 [Source:HGNC Symbol;Acc:HGNC:21645],330.2547527,0.535209715,0.119608938,4.474663195,7.65e-06,0.001906801
ENSG00000156802,8,ATAD2,protein_coding,ATPase family AAA domain containing 2 [Source:HGNC Symbol;Acc:HGNC:30123],246.4710503,0.244775636,0.054722898,4.473002046,7.71e-06,0.001906801
ENSG00000169241,1,SLC50A1,protein_coding,solute carrier family 50 member 1 [Source:HGNC Symbol;Acc:HGNC:30657],39.39383436,0.550042943,0.123143974,4.466665533,7.94e-06,0.00193723
ENSG00000099901,22,RANBP1,protein_coding,RAN binding protein 1 [Source:HGNC Symbol;Acc:HGNC:9847],52.23571853,0.488169918,0.109799061,4.446029973,8.75e-06,0.00210405
ENSG00000182154,9,MRPL41,protein_coding,mitochondrial ribosomal protein L41 [Source:HGNC Symbol;Acc:HGNC:14492],92.93816156,0.534995681,0.120490285,4.440156172,8.99e-06,0.002105403
ENSG00000100138,22,SNU13,protein_coding,small nuclear ribonucleoprotein 13 [Source:HGNC Symbol;Acc:HGNC:7819],325.1093739,0.37183298,0.083736106,4.440533427,8.97e-06,0.002105403
ENSG00000112742,6,TTK,protein_coding,TTK protein kinase [Source:HGNC Symbol;Acc:HGNC:12401],5.487754261,1.070990772,0.241983233,4.425888355,9.6e-06,0.002220289
ENSG00000211892,14,IGHG4,IG_C_gene,immunoglobulin heavy constant gamma 4 (G4m marker) [Source:HGNC Symbol;Acc:HGNC:5528],16.91274362,1.7101199,0.387883277,4.40885184,1.04e-05,0.002359096
ENSG00000168899,2,VAMP5,protein_coding,vesicle associated membrane protein 5 [Source:HGNC Symbol;Acc:HGNC:12646],39.07997221,0.893407322,0.202714066,4.407229048,1.05e-05,0.002359096
ENSG00000166441,11,RPL27A,protein_coding,ribosomal protein L27a [Source:HGNC Symbol;Acc:HGNC:10329],2490.464316,0.614946145,0.139643215,4.403695138,1.06e-05,0.0023679
ENSG00000210077,MT,MT-TV,Mt_tRNA,mitochondrially encoded tRNA-Val (GUN) [Source:HGNC Symbol;Acc:HGNC:7500],428.7279612,1.700925626,0.387105545,4.393958309,1.11e-05,0.002445965
ENSG00000026751,1,SLAMF7,protein_coding,SLAM family member 7 [Source:HGNC Symbol;Acc:HGNC:21394],198.3450144,0.639615631,0.145724087,4.389223805,1.14e-05,0.002469337
ENSG00000117399,1,CDC20,protein_coding,cell division cycle 20 [Source:HGNC Symbol;Acc:HGNC:1723],5.343201941,1.287303267,0.294998084,4.363768235,1.28e-05,0.002576486
ENSG00000187837,6,HIST1H1C,protein_coding,H1.2 linker histonecluster member [Source:HGNC Symbol;Acc:HGNC:4716],552.884132,0.791417006,0.181430581,4.362092662,1.29e-05,0.002576486
ENSG00000128228,22,SDF2L1,protein_coding,stromal cell derived factor 2 like 1 [Source:HGNC Symbol;Acc:HGNC:10676],87.5294603,0.773569139,0.177334518,4.362202848,1.29e-05,0.002576486
ENSG00000114850,3,SSR3,protein_coding,signal sequence receptor subunit 3 [Source:HGNC Symbol;Acc:HGNC:11325],81.65287821,0.593499625,0.135597432,4.376923786,1.2e-05,0.002576486
ENSG00000170631,8,ZNF16,protein_coding,zinc finger protein 16 [Source:HGNC Symbol;Acc:HGNC:12947],66.68403345,0.412637589,0.094507307,4.366197722,1.26e-05,0.002576486
ENSG00000172530,16,BANP,protein_coding,BTG3 associated nuclear protein [Source:HGNC Symbol;Acc:HGNC:13450],590.0735921,-0.253546802,0.058112552,-4.363029905,1.28e-05,0.002576486
ENSG00000154188,8,ANGPT1,protein_coding,angiopoietin 1 [Source:HGNC Symbol;Acc:HGNC:484],161.1268261,-0.650267149,0.148904165,-4.367017873,1.26e-05,0.002576486
ENSG00000178999,17,AURKB,protein_coding,aurora kinase B [Source:HGNC Symbol;Acc:HGNC:11390],10.4493833,1.112429834,0.25547703,4.354324272,1.33e-05,0.002639898
ENSG00000184005,1,ST6GALNAC3,protein_coding,ST6 N-acetylgalactosaminide alpha-26-sialyltransferase 3 [Source:HGNC Symbol;Acc:HGNC:19343],777.6600562,-0.542725852,0.124830404,-4.347705631,1.38e-05,0.002690912
ENSG00000087237,16,CETP,protein_coding,cholesteryl ester transfer protein [Source:HGNC Symbol;Acc:HGNC:1869],239.6163056,0.866811248,0.200057951,4.332800788,1.47e-05,0.00284847
ENSG00000137818,15,RPLP1,protein_coding,ribosomal protein lateral stalk subunit P1 [Source:HGNC Symbol;Acc:HGNC:10372],3983.916248,0.437160195,0.100957159,4.330155471,1.49e-05,0.002851907
ENSG00000198937,6,CCDC167,protein_coding,coiled-coil domain containing 167 [Source:HGNC Symbol;Acc:HGNC:21239],44.6898201,0.564217662,0.131057312,4.305121584,1.67e-05,0.003127067
ENSG00000181163,5,NPM1,protein_coding,nucleophosmin 1 [Source:HGNC Symbol;Acc:HGNC:7910],408.1251381,0.493652343,0.114608208,4.307303562,1.65e-05,0.003127067
ENSG00000175711,17,B3GNTL1,protein_coding,UDP-GlcNAc:betaGal beta-13-N-acetylglucosaminyltransferase like 1 [Source:HGNC Symbol;Acc:HGNC:21727],203.2613505,-0.408861295,0.095063966,-4.300907205,1.7e-05,0.003153943
ENSG00000132530,17,XAF1,protein_coding,XIAP associated factor 1 [Source:HGNC Symbol;Acc:HGNC:30932],83.59383566,1.096320211,0.25679582,4.269229187,1.96e-05,0.003599447
ENSG00000105677,19,TMEM147,protein_coding,transmembrane protein 147 [Source:HGNC Symbol;Acc:HGNC:30414],62.18005152,0.610696923,0.143135976,4.266550858,1.99e-05,0.00360574
ENSG00000134057,5,CCNB1,protein_coding,cyclin B1 [Source:HGNC Symbol;Acc:HGNC:1579],7.026595736,0.895344679,0.210755379,4.248264891,2.15e-05,0.003761307
ENSG00000138166,10,DUSP5,protein_coding,dual specificity phosphatase 5 [Source:HGNC Symbol;Acc:HGNC:3071],29.82004358,0.743568358,0.175033132,4.248157762,2.16e-05,0.003761307
ENSG00000122566,7,HNRNPA2B1,protein_coding,heterogeneous nuclear ribonucleoprotein A2/B1 [Source:HGNC Symbol;Acc:HGNC:5033],713.6835994,0.358633725,0.084377291,4.25035839,2.13e-05,0.003761307
ENSG00000143633,1,C1orf131,protein_coding,chromosome 1 open reading frame 131 [Source:HGNC Symbol;Acc:HGNC:25332],129.3278305,0.272337823,0.064028826,4.25336275,2.11e-05,0.003761307
ENSG00000154723,21,ATP5PF,protein_coding,ATP synthase peripheral stalk subunit F6 [Source:HGNC Symbol;Acc:HGNC:847],145.654028,0.458669233,0.108066425,4.244326872,2.19e-05,0.00378899
ENSG00000209082,MT,MT-TL1,Mt_tRNA,mitochondrially encoded tRNA-Leu (UUA/G) 1 [Source:HGNC Symbol;Acc:HGNC:7490],224.7535366,1.376259824,0.324945976,4.235349647,2.28e-05,0.003872371
ENSG00000134419,16,RPS15A,protein_coding,ribosomal protein S15a [Source:HGNC Symbol;Acc:HGNC:10389],431.620448,0.964653064,0.227889134,4.232992794,2.31e-05,0.003872371
ENSG00000243449,4,C4orf48,protein_coding,chromosome 4 open reading frame 48 [Source:HGNC Symbol;Acc:HGNC:34437],15.8725076,0.918759745,0.217026216,4.233404436,2.3e-05,0.003872371
ENSG00000140365,15,COMMD4,protein_coding,COMM domain containing 4 [Source:HGNC Symbol;Acc:HGNC:26027],32.76371362,0.562256145,0.13319024,4.221451547,2.43e-05,0.004038007
ENSG00000211896,14,IGHG1,IG_C_gene,immunoglobulin heavy constant gamma 1 (G1m marker) [Source:HGNC Symbol;Acc:HGNC:5525],40.14389274,1.410609842,0.334828749,4.212929291,2.52e-05,0.004154652
ENSG00000029993,X,HMGB3,protein_coding,high mobility group box 3 [Source:HGNC Symbol;Acc:HGNC:5004],5.787065796,1.004524876,0.238761895,4.207224428,2.59e-05,0.004221807
ENSG00000198918,X,RPL39,protein_coding,ribosomal protein L39 [Source:HGNC Symbol;Acc:HGNC:10350],860.3270911,0.808052056,0.192200619,4.20421151,2.62e-05,0.004239537
ENSG00000155368,2,DBI,protein_coding,diazepam binding inhibitoracyl-CoA binding protein [Source:HGNC Symbol;Acc:HGNC:2690],186.5294587,0.759313773,0.182111253,4.169504967,3.05e-05,0.004705167
ENSG00000088356,20,PDRG1,protein_coding,p53 and DNA damage regulated 1 [Source:HGNC Symbol;Acc:HGNC:16119],28.13928979,0.622349028,0.149245536,4.169967451,3.05e-05,0.004705167
ENSG00000149806,11,FAU,protein_coding,FAU ubiquitin like and ribosomal protein S30 fusion [Source:HGNC Symbol;Acc:HGNC:3597],1553.110033,0.587909839,0.141030783,4.168663236,3.06e-05,0.004705167
ENSG00000178741,15,COX5A,protein_coding,cytochrome c oxidase subunit 5A [Source:HGNC Symbol;Acc:HGNC:2267],175.8285063,0.441813346,0.105809827,4.17554173,2.97e-05,0.004705167
ENSG00000074695,18,LMAN1,protein_coding,lectinmannose binding 1 [Source:HGNC Symbol;Acc:HGNC:6631],168.1999363,0.382378015,0.091737731,4.16816517,3.07e-05,0.004705167
ENSG00000069275,1,NUCKS1,protein_coding,nuclear casein kinase and cyclin dependent kinase substrate 1 [Source:HGNC Symbol;Acc:HGNC:29923],1274.074667,0.303802552,0.072915017,4.166529283,3.09e-05,0.004705167
ENSG00000114650,3,SCAP,protein_coding,SREBF chaperone [Source:HGNC Symbol;Acc:HGNC:30634],362.1476578,-0.325757941,0.07799302,-4.176757638,2.96e-05,0.004705167
ENSG00000088827,20,SIGLEC1,protein_coding,sialic acid binding Ig like lectin 1 [Source:HGNC Symbol;Acc:HGNC:11127],20.72940481,1.732865414,0.416308943,4.162450614,3.15e-05,0.004709525
ENSG00000129235,17,TXNDC17,protein_coding,thioredoxin domain containing 17 [Source:HGNC Symbol;Acc:HGNC:28218],42.47618701,0.720906677,0.173114694,4.164329782,3.12e-05,0.004709525
ENSG00000074842,19,MYDGF,protein_coding,myeloid derived growth factor [Source:HGNC Symbol;Acc:HGNC:16948],94.29980365,0.473728327,0.113889716,4.159535596,3.19e-05,0.004730281
ENSG00000198417,16,MT1F,protein_coding,metallothionein 1F [Source:HGNC Symbol;Acc:HGNC:7398],30.16623985,0.683311325,0.164532581,4.153045686,3.28e-05,0.004826289
ENSG00000162607,1,USP1,protein_coding,ubiquitin specific peptidase 1 [Source:HGNC Symbol;Acc:HGNC:12607],262.0615011,0.351364207,0.084707762,4.14795763,3.35e-05,0.004894336
ENSG00000255717,11,SNHG1,lncRNA,small nucleolar RNA host gene 1 [Source:HGNC Symbol;Acc:HGNC:32688],60.66697798,0.454387787,0.109654046,4.143830563,3.42e-05,0.004942787
ENSG00000137563,8,GGH,protein_coding,gamma-glutamyl hydrolase [Source:HGNC Symbol;Acc:HGNC:4248],6.398451902,1.031985991,0.249198562,4.141219683,3.45e-05,0.004959078
ENSG00000270170,3,NCBP2AS2,protein_coding,NCBP2 antisense 2 (head to head) [Source:HGNC Symbol;Acc:HGNC:25121],39.91599249,0.62451791,0.15087533,4.13929773,3.48e-05,0.004960797
ENSG00000236552,10,RPL13AP5,processed_pseudogene,ribosomal protein L13a pseudogene 5 [Source:HGNC Symbol;Acc:HGNC:23736],481.4510696,0.639355643,0.154660507,4.133929579,3.57e-05,0.005037863
ENSG00000169715,16,MT1E,protein_coding,metallothionein 1E [Source:HGNC Symbol;Acc:HGNC:7397],22.94547732,1.343616822,0.326293454,4.117817281,3.82e-05,0.0052776
ENSG00000138180,10,CEP55,protein_coding,centrosomal protein 55 [Source:HGNC Symbol;Acc:HGNC:1161],16.59691103,0.741460923,0.179958267,4.120182605,3.79e-05,0.0052776
ENSG00000164346,5,NSA2,protein_coding,NSA2 ribosome biogenesis factor [Source:HGNC Symbol;Acc:HGNC:30728],755.5472602,0.464830454,0.112866935,4.118393534,3.82e-05,0.0052776
ENSG00000152778,10,IFIT5,protein_coding,interferon induced protein with tetratricopeptide repeats 5 [Source:HGNC Symbol;Acc:HGNC:13328],53.69052579,1.073294124,0.260909658,4.113661916,3.89e-05,0.005320858
ENSG00000287771,2,AC007271.1,lncRNA,novel transcript,270.4083353,-0.701293798,0.170532104,-4.112385782,3.92e-05,0.005320858
ENSG00000249662,5,LINC02218,protein_coding,long intergenic non-protein coding RNA 2218 [Source:HGNC Symbol;Acc:HGNC:53085],253.1113527,-0.6218378,0.151296312,-4.1100658,3.96e-05,0.005333883
ENSG00000144354,2,CDCA7,protein_coding,cell division cycle associated 7 [Source:HGNC Symbol;Acc:HGNC:14628],7.201970348,1.085610152,0.264359665,4.106565021,4.02e-05,0.005334507
ENSG00000155849,7,ELMO1,protein_coding,engulfment and cell motility 1 [Source:HGNC Symbol;Acc:HGNC:16286],4366.967382,-0.292793774,0.071274235,-4.107988999,3.99e-05,0.005334507
ENSG00000126457,19,PRMT1,protein_coding,protein arginine methyltransferase 1 [Source:HGNC Symbol;Acc:HGNC:5187],91.06707678,0.551862064,0.134488568,4.103412453,4.07e-05,0.005350508
ENSG00000163681,3,SLMAP,protein_coding,sarcolemma associated protein [Source:HGNC Symbol;Acc:HGNC:16643],1181.974589,-0.28034402,0.068335799,-4.10244738,4.09e-05,0.005350508
ENSG00000100632,14,ERH,protein_coding,ERH mRNA splicing and mitosis factor [Source:HGNC Symbol;Acc:HGNC:3447],137.3624132,0.408929243,0.099773785,4.098563984,4.16e-05,0.005401343
ENSG00000167515,16,TRAPPC2L,protein_coding,trafficking protein particle complex 2 like [Source:HGNC Symbol;Acc:HGNC:30887],34.81583473,0.662531115,0.161932396,4.09140563,4.29e-05,0.005513722
ENSG00000165071,8,TMEM71,protein_coding,transmembrane protein 71 [Source:HGNC Symbol;Acc:HGNC:26572],775.0858947,-0.37663064,0.092075951,-4.09043442,4.31e-05,0.005513722
ENSG00000118689,6,FOXO3,protein_coding,forkhead box O3 [Source:HGNC Symbol;Acc:HGNC:3821],1538.043291,-0.443805276,0.108628954,-4.085515523,4.4e-05,0.005591623
ENSG00000157873,1,TNFRSF14,protein_coding,TNF receptor superfamily member 14 [Source:HGNC Symbol;Acc:HGNC:11912],75.64766638,0.610471016,0.149493146,4.083605371,4.43e-05,0.005597823
ENSG00000133106,13,EPSTI1,protein_coding,epithelial stromal interaction 1 [Source:HGNC Symbol;Acc:HGNC:16465],864.5263659,1.365850328,0.335329636,4.073157224,4.64e-05,0.005738271
ENSG00000225921,6,NOL7,protein_coding,nucleolar protein 7 [Source:HGNC Symbol;Acc:HGNC:21040],141.7978036,0.316684645,0.077711766,4.075118351,4.6e-05,0.005738271
ENSG00000109458,4,GAB1,protein_coding,GRB2 associated binding protein 1 [Source:HGNC Symbol;Acc:HGNC:4066],648.1495414,-0.421154148,0.103402803,-4.072947114,4.64e-05,0.005738271
ENSG00000250166,12,AC053513.1,lncRNA,novel transcript,51.25088383,0.577621708,0.141882624,4.071123672,4.68e-05,0.005743495
ENSG00000169976,6,SF3B5,protein_coding,splicing factor 3b subunit 5 [Source:HGNC Symbol;Acc:HGNC:21083],179.8156584,0.50862257,0.125110718,4.065379679,4.8e-05,0.00576748
ENSG00000131943,19,C19orf12,protein_coding,chromosome 19 open reading frame 12 [Source:HGNC Symbol;Acc:HGNC:25443],329.3493583,0.288969455,0.071050249,4.067113892,4.76e-05,0.00576748
ENSG00000146731,7,CCT6A,protein_coding,chaperonin containing TCP1 subunit 6A [Source:HGNC Symbol;Acc:HGNC:1620],188.9634267,0.262960491,0.064667903,4.066321608,4.78e-05,0.00576748
ENSG00000165891,12,E2F7,protein_coding,E2F transcription factor 7 [Source:HGNC Symbol;Acc:HGNC:23820],9.497935948,0.840019364,0.206858331,4.060843771,4.89e-05,0.005802288
ENSG00000168028,3,RPSA,protein_coding,ribosomal protein SA [Source:HGNC Symbol;Acc:HGNC:6502],489.3731878,0.697363618,0.171670834,4.062213728,4.86e-05,0.005802288
ENSG00000186283,1,TOR3A,protein_coding,torsin family 3 member A [Source:HGNC Symbol;Acc:HGNC:11997],94.97689627,0.424293841,0.104755686,4.050317993,5.11e-05,0.006029376
ENSG00000118263,2,KLF7,protein_coding,Kruppel like factor 7 [Source:HGNC Symbol;Acc:HGNC:6350],818.2540044,-0.356841424,0.088199256,-4.045855276,5.21e-05,0.006104982
ENSG00000167862,17,MRPL58,protein_coding,mitochondrial ribosomal protein L58 [Source:HGNC Symbol;Acc:HGNC:5359],52.54935941,0.381036647,0.094217525,4.044222639,5.25e-05,0.006107496
ENSG00000204237,17,OXLD1,protein_coding,oxidoreductase like domain containing 1 [Source:HGNC Symbol;Acc:HGNC:27901],27.302535,0.551509645,0.136495797,4.04048811,5.33e-05,0.006165281
ENSG00000145365,4,TIFA,protein_coding,TRAF interacting protein with forkhead associated domain [Source:HGNC Symbol;Acc:HGNC:19075],45.42370404,0.64841381,0.160792988,4.032600037,5.52e-05,0.006294253
ENSG00000131828,X,PDHA1,protein_coding,pyruvate dehydrogenase E1 subunit alpha 1 [Source:HGNC Symbol;Acc:HGNC:8806],54.55878846,0.435430441,0.107971524,4.032826685,5.51e-05,0.006294253
ENSG00000063241,19,ISOC2,protein_coding,isochorismatase domain containing 2 [Source:HGNC Symbol;Acc:HGNC:26278],9.391408364,0.837672753,0.208022148,4.02684406,5.65e-05,0.00640919
ENSG00000070423,19,AC004156.1,protein_coding,ring finger protein 126 [Source:HGNC Symbol;Acc:HGNC:21151],153.3073689,0.36226016,0.090001545,4.025043782,5.7e-05,0.006417544
ENSG00000117228,1,GBP1,protein_coding,guanylate binding protein 1 [Source:HGNC Symbol;Acc:HGNC:4182],701.8995118,1.277460997,0.318453396,4.011453515,6.03e-05,0.006755722
ENSG00000239636,1,AC004865.2,lncRNA,TFAP2E antisense RNA 1 [Source:HGNC Symbol;Acc:HGNC:41274],14.98782529,0.633807633,0.158539301,3.99779506,6.39e-05,0.006967588
ENSG00000273270,7,AC090114.2,lncRNA,novel transcript,64.1005109,0.394445231,0.098566605,4.001814124,6.29e-05,0.006967588
ENSG00000135390,12,ATP5MC2,protein_coding,ATP synthase membrane subunit c locus 2 [Source:HGNC Symbol;Acc:HGNC:842],471.8045013,0.373694266,0.093497611,3.996832247,6.42e-05,0.006967588
ENSG00000162191,11,UBXN1,protein_coding,UBX domain protein 1 [Source:HGNC Symbol;Acc:HGNC:18402],198.5707654,0.336485545,0.084167351,3.997815575,6.39e-05,0.006967588
ENSG00000232973,2,CYP1B1-AS1,lncRNA,CYP1B1 antisense RNA 1 [Source:HGNC Symbol;Acc:HGNC:28543],73.76711477,-0.516170238,0.129109274,-3.997933077,6.39e-05,0.006967588
ENSG00000137478,11,FCHSD2,protein_coding,FCH and double SH3 domains 2 [Source:HGNC Symbol;Acc:HGNC:29114],2677.570045,-0.260994301,0.065444415,-3.988030145,6.66e-05,0.007187338
ENSG00000072571,5,HMMR,protein_coding,hyaluronan mediated motility receptor [Source:HGNC Symbol;Acc:HGNC:5012],8.599605496,0.910791076,0.228589588,3.984394402,6.77e-05,0.007246378
ENSG00000080986,18,NDC80,protein_coding,NDC80 kinetochore complex component [Source:HGNC Symbol;Acc:HGNC:16909],43.00493536,0.535910403,0.134541759,3.983227276,6.8e-05,0.007246378
ENSG00000142507,17,PSMB6,protein_coding,proteasome 20S subunit beta 6 [Source:HGNC Symbol;Acc:HGNC:9543],112.35966,0.517876703,0.130159823,3.978775408,6.93e-05,0.007339442
ENSG00000177294,17,FBXO39,protein_coding,F-box protein 39 [Source:HGNC Symbol;Acc:HGNC:28565],12.17262119,1.37035568,0.345631281,3.964790674,7.35e-05,0.007504804
ENSG00000210144,MT,MT-TY,Mt_tRNA,mitochondrially encoded tRNA-Tyr (UAU/C) [Source:HGNC Symbol;Acc:HGNC:7502],242.4296853,0.610593853,0.154002511,3.964830508,7.34e-05,0.007504804
ENSG00000083845,19,RPS5,protein_coding,ribosomal protein S5 [Source:HGNC Symbol;Acc:HGNC:10426],713.607017,0.588278471,0.148477142,3.962081058,7.43e-05,0.007504804
ENSG00000142937,1,RPS8,protein_coding,ribosomal protein S8 [Source:HGNC Symbol;Acc:HGNC:10441],1317.409166,0.513892993,0.129717168,3.961642101,7.44e-05,0.007504804
ENSG00000133561,7,GIMAP6,protein_coding,GTPaseIMAP family member 6 [Source:HGNC Symbol;Acc:HGNC:21918],110.5727775,0.465939312,0.117518671,3.964810929,7.35e-05,0.007504804
ENSG00000116824,1,CD2,protein_coding,CD2 molecule [Source:HGNC Symbol;Acc:HGNC:1639],501.0967197,0.447491721,0.112857567,3.965101613,7.34e-05,0.007504804
ENSG00000122565,7,CBX3,protein_coding,chromobox 3 [Source:HGNC Symbol;Acc:HGNC:1553],771.8003512,0.360758579,0.091076908,3.961032337,7.46e-05,0.007504804
ENSG00000111110,12,PPM1H,protein_coding,protein phosphataseMg2+/Mn2+ dependent 1H [Source:HGNC Symbol;Acc:HGNC:18583],111.5857391,-0.383357455,0.096605663,-3.968271055,7.24e-05,0.007504804
ENSG00000122547,7,EEPD1,protein_coding,endonuclease/exonuclease/phosphatase family domain containing 1 [Source:HGNC Symbol;Acc:HGNC:22223],795.175987,-0.443389745,0.1119079,-3.962095119,7.43e-05,0.007504804
ENSG00000134326,2,CMPK2,protein_coding,cytidine/uridine monophosphate kinase 2 [Source:HGNC Symbol;Acc:HGNC:27015],100.8497163,1.663136473,0.420319506,3.956838661,7.59e-05,0.007521125
ENSG00000247317,8,LY6E-DT,lncRNA,LY6E divergent transcript [Source:HGNC Symbol;Acc:HGNC:53728],63.6256912,0.550186467,0.139086506,3.955714216,7.63e-05,0.007521125
ENSG00000245750,15,DRAIC,lncRNA,downregulated RNA in cancerinhibitor of cell invasion and migration [Source:HGNC Symbol;Acc:HGNC:27082],356.6180279,-0.447797306,0.113141982,-3.957835081,7.56e-05,0.007521125
ENSG00000276386,9,CNTNAP3P2,unprocessed_pseudogene,CNTNAP3 pseudogene 2 [Source:HGNC Symbol;Acc:HGNC:49589],453.0955306,-0.581708659,0.147075352,-3.95517435,7.65e-05,0.007521125
ENSG00000026950,6,BTN3A1,protein_coding,butyrophilin subfamily 3 member A1 [Source:HGNC Symbol;Acc:HGNC:1138],455.2787797,0.394150003,0.099866994,3.946749437,7.92e-05,0.007747299
ENSG00000181409,17,AATK,protein_coding,apoptosis associated tyrosine kinase [Source:HGNC Symbol;Acc:HGNC:21],296.5752793,-0.467841506,0.118577382,-3.945453169,7.96e-05,0.007747299
ENSG00000169679,2,BUB1,protein_coding,BUB1 mitotic checkpoint serine/threonine kinase [Source:HGNC Symbol;Acc:HGNC:1148],16.50138383,0.643249196,0.163640537,3.930867051,8.46e-05,0.008176493
ENSG00000166508,7,MCM7,protein_coding,minichromosome maintenance complex component 7 [Source:HGNC Symbol;Acc:HGNC:6950],59.09198046,0.491989491,0.125232593,3.928605813,8.54e-05,0.008176493
ENSG00000163344,1,PMVK,protein_coding,phosphomevalonate kinase [Source:HGNC Symbol;Acc:HGNC:9141],54.60794795,0.395892479,0.100753748,3.929307698,8.52e-05,0.008176493
ENSG00000150054,10,MPP7,protein_coding,membrane palmitoylated protein 7 [Source:HGNC Symbol;Acc:HGNC:26542],914.9118034,-0.303884606,0.077452591,-3.923491798,8.73e-05,0.008307435
ENSG00000178075,3,GRAMD1C,protein_coding,GRAM domain containing 1C [Source:HGNC Symbol;Acc:HGNC:25252],297.8389355,-0.488806389,0.124667482,-3.920881215,8.82e-05,0.008353289
ENSG00000182481,17,KPNA2,protein_coding,karyopherin subunit alpha 2 [Source:HGNC Symbol;Acc:HGNC:6395],25.06209483,0.502559042,0.12823113,3.91916566,8.89e-05,0.008368451
ENSG00000137965,1,IFI44,protein_coding,interferon induced protein 44 [Source:HGNC Symbol;Acc:HGNC:16938],134.8857638,1.516855115,0.387248099,3.91701113,8.97e-05,0.008391209
ENSG00000169021,19,UQCRFS1,protein_coding,ubiquinol-cytochrome c reductaseRieske iron-sulfur polypeptide 1 [Source:HGNC Symbol;Acc:HGNC:12587],158.1997966,0.56396265,0.144015987,3.915972526,9e-05,0.008391209
ENSG00000142168,21,SOD1,protein_coding,superoxide dismutase 1 [Source:HGNC Symbol;Acc:HGNC:11179],187.9727313,0.384370007,0.098248643,3.912216948,9.15e-05,0.008463719
ENSG00000111142,12,METAP2,protein_coding,methionyl aminopeptidase 2 [Source:HGNC Symbol;Acc:HGNC:16672],585.1448097,0.284993055,0.072862498,3.911381875,9.18e-05,0.008463719
ENSG00000105993,7,DNAJB6,protein_coding,DnaJ heat shock protein family (Hsp40) member B6 [Source:HGNC Symbol;Acc:HGNC:14888],829.8943969,-0.222669503,0.057074977,-3.901350723,9.57e-05,0.008731808
ENSG00000070961,12,ATP2B1,protein_coding,ATPase plasma membrane Ca2+ transporting 1 [Source:HGNC Symbol;Acc:HGNC:814],1876.436138,-0.296718496,0.076036273,-3.902328256,9.53e-05,0.008731808
ENSG00000197302,16,ZNF720,protein_coding,zinc finger protein 720 [Source:HGNC Symbol;Acc:HGNC:26987],172.3657214,0.230263038,0.059092782,3.896635585,9.75e-05,0.008858062
ENSG00000100911,14,PSME2,protein_coding,proteasome activator subunit 2 [Source:HGNC Symbol;Acc:HGNC:9569],175.6154206,0.903788757,0.23253137,3.886739047,0.0001016,0.009128498
ENSG00000174547,11,MRPL11,protein_coding,mitochondrial ribosomal protein L11 [Source:HGNC Symbol;Acc:HGNC:14042],35.28890893,0.480610846,0.123723726,3.884548756,0.00010252,0.009128498
ENSG00000117226,1,GBP3,protein_coding,guanylate binding protein 3 [Source:HGNC Symbol;Acc:HGNC:4184],135.5271303,0.466493656,0.120063464,3.885392272,0.000102165,0.009128498
ENSG00000144040,2,SFXN5,protein_coding,sideroflexin 5 [Source:HGNC Symbol;Acc:HGNC:16073],211.1239559,-0.260205228,0.066986604,-3.884436748,0.000102567,0.009128498
