Gene_set,Term,Overlap,P-value,Adjusted P-value,Old P-value,Old Adjusted P-value,Odds Ratio,Combined Score,Genes
GO_Biological_Process_2023,Positive Regulation Of Endothelial Cell Migration (GO:0010595),4/85,5.563646586818907e-05,0.022365859279012,0,0,21.80521262002744,213.6185096215526,ANGPT4;SPARC;ANGPT1;GATA2
GO_Biological_Process_2023,Positive Regulation Of Blood Vessel Endothelial Cell Migration (GO:0043536),3/46,0.00019479223001436747,0.0275065450017278,0,0,30.194135490394338,257.9659231574426,ANGPT4;ANGPT1;GATA2
GO_Biological_Process_2023,Cellular Response To Tumor Necrosis Factor (GO:0071356),4/119,0.0002052727238934913,0.0275065450017278,0,0,15.332173913043478,130.1881120691724,PLVAP;PID1;FOXO3;YBX3
GO_Biological_Process_2023,Regulation Of Blood Vessel Endothelial Cell Migration (GO:0043535),3/54,0.0003139389889918914,0.031550868393685,0,0,25.44757033248082,205.26803923379185,ANGPT4;ANGPT1;GATA2
GO_Biological_Process_2023,Response To Fatty Acid (GO:0070542),2/19,0.0009790903375910178,0.0787188631423178,0,0,49.897371714643306,345.7332324601132,PID1;FOXO3
GO_Biological_Process_2023,Regulation Of Endothelial Cell Migration (GO:0010594),3/88,0.0013101259267189,0.0877784370901714,0,0,15.242455242966752,101.17380897075944,ANGPT4;SPARC;ANGPT1
GO_Biological_Process_2023,Positive Regulation Of Epithelial Cell Migration (GO:0010634),3/95,0.0016328049423991,0.0937696552634951,0,0,14.077741020793953,90.34328244745032,ANGPT4;SPARC;ANGPT1
GO_Biological_Process_2023,Tumor Necrosis Factor-Mediated Signaling Pathway (GO:0033209),2/38,0.0039075121556016,0.1459722250942773,0,0,23.54018912529551,130.52692089123806,PLVAP;FOXO3
GO_Biological_Process_2023,Regulation Of Endothelial Cell Apoptotic Process (GO:2000351),2/43,0.0049802262706846,0.1459722250942773,0,0,20.664244940321744,109.56761169296044,ANGPT1;GATA2
GO_Biological_Process_2023,Positive Regulation Of miRNA Transcription (GO:1902895),2/43,0.0049802262706846,0.1459722250942773,0,0,20.664244940321744,109.56761169296044,FOXO3;GATA2
GO_Biological_Process_2023,Positive Regulation Of miRNA Metabolic Process (GO:2000630),2/49,0.0064255716310063,0.1459722250942773,0,0,18.0208239022182,90.95956229745056,FOXO3;GATA2
GO_Biological_Process_2023,Regulation Of miRNA Transcription (GO:1902893),2/59,0.0092045319313775,0.1459722250942773,0,0,14.851810377006345,69.62616798222062,FOXO3;GATA2
GO_Biological_Process_2023,Fat Cell Differentiation (GO:0045444),2/62,0.0101255715276134,0.1459722250942773,0,0,14.10709219858156,64.78951848595281,PID1;GATA2
GO_Biological_Process_2023,Positive Regulation Of T Cell Differentiation (GO:0045582),2/64,0.0107614297753384,0.1459722250942773,0,0,13.650652024708304,61.86184539856762,VNN1;FOXO3
GO_Biological_Process_2023,Regulation Of Fat Cell Proliferation (GO:0070344),1/5,0.0121912198306986,0.1459722250942773,0,0,103.890625,457.8500644039375,PID1
GO_Biological_Process_2023,Glycosylceramide Metabolic Process (GO:0006677),1/5,0.0121912198306986,0.1459722250942773,0,0,103.890625,457.8500644039375,ST6GALNAC3
GO_Biological_Process_2023,Activation Of Transmembrane Receptor Protein Tyrosine Kinase Activity (GO:0007171),1/5,0.0121912198306986,0.1459722250942773,0,0,103.890625,457.8500644039375,ANGPT1
GO_Biological_Process_2023,Positive Regulation Of Toll-Like Receptor 7 Signaling Pathway (GO:0034157),1/5,0.0121912198306986,0.1459722250942773,0,0,103.890625,457.8500644039375,TREML4
GO_Biological_Process_2023,Positive Regulation Of Transcription Of Notch Receptor Target (GO:0007221),1/5,0.0121912198306986,0.1459722250942773,0,0,103.890625,457.8500644039375,MAML3
GO_Biological_Process_2023,Protein Sulfation (GO:0006477),1/5,0.0121912198306986,0.1459722250942773,0,0,103.890625,457.8500644039375,TPST1
GO_Biological_Process_2023,Podocyte Cell Migration (GO:0090521),1/5,0.0121912198306986,0.1459722250942773,0,0,103.890625,457.8500644039375,DAAM2
GO_Biological_Process_2023,Positive Regulation Of T Cell Differentiation In Thymus (GO:0033089),1/5,0.0121912198306986,0.1459722250942773,0,0,103.890625,457.8500644039375,VNN1
GO_Biological_Process_2023,Positive Regulation Of T-helper 1 Cell Cytokine Production (GO:2000556),1/5,0.0121912198306986,0.1459722250942773,0,0,103.890625,457.8500644039375,IL1R1
GO_Biological_Process_2023,Regulation Of T-helper 1 Cell Cytokine Production (GO:2000554),1/5,0.0121912198306986,0.1459722250942773,0,0,103.890625,457.8500644039375,IL1R1
GO_Biological_Process_2023,Regulation Of cGMP-mediated Signaling (GO:0010752),1/5,0.0121912198306986,0.1459722250942773,0,0,103.890625,457.8500644039375,RUNDC3A
GO_Biological_Process_2023,Regulation Of Angiogenesis (GO:0045765),3/205,0.0138344974805373,0.1459722250942773,0,0,6.376130004304779,27.29359826329912,ANGPT4;SPARC;GATA2
GO_Biological_Process_2023,Vascular Associated Smooth Muscle Contraction (GO:0014829),1/6,0.0146119438121658,0.1459722250942773,0,0,83.10833333333333,351.20883684468544,SLC8A1
GO_Biological_Process_2023,Vascular Wound Healing (GO:0061042),1/6,0.0146119438121658,0.1459722250942773,0,0,83.10833333333333,351.20883684468544,GATA2
GO_Biological_Process_2023,Cellular Hyperosmotic Response (GO:0071474),1/6,0.0146119438121658,0.1459722250942773,0,0,83.10833333333333,351.20883684468544,YBX3
GO_Biological_Process_2023,Regulation Of Skeletal Muscle Satellite Cell Proliferation (GO:0014842),1/6,0.0146119438121658,0.1459722250942773,0,0,83.10833333333333,351.20883684468544,ANGPT1
GO_Biological_Process_2023,Cellular Response To Caffeine (GO:0071313),1/6,0.0146119438121658,0.1459722250942773,0,0,83.10833333333333,351.20883684468544,SLC8A1
GO_Biological_Process_2023,Phospholipase C-activating Dopamine Receptor Signaling Pathway (GO:0060158),1/6,0.0146119438121658,0.1459722250942773,0,0,83.10833333333333,351.20883684468544,GNAQ
GO_Biological_Process_2023,Regulation Of Toll-Like Receptor 7 Signaling Pathway (GO:0034155),1/6,0.0146119438121658,0.1459722250942773,0,0,83.10833333333333,351.20883684468544,TREML4
GO_Biological_Process_2023,Response To Caffeine (GO:0031000),1/6,0.0146119438121658,0.1459722250942773,0,0,83.10833333333333,351.20883684468544,SLC8A1
GO_Biological_Process_2023,Monoatomic Cation Homeostasis (GO:0055080),2/77,0.0153073111208604,0.1459722250942773,0,0,11.277163120567376,47.1320542463176,ALPL;SLC8A1
GO_Biological_Process_2023,Negative Regulation Of Blood Vessel Morphogenesis (GO:2000181),2/77,0.0153073111208604,0.1459722250942773,0,0,11.277163120567376,47.1320542463176,ANGPT4;SPARC
GO_Biological_Process_2023,Negative Regulation Of Glucose Import (GO:0046325),1/7,0.0170268574512903,0.1459722250942773,0,0,69.25347222222223,282.06685294018627,PID1
GO_Biological_Process_2023,Negative Regulation Of Neural Precursor Cell Proliferation (GO:2000178),1/7,0.0170268574512903,0.1459722250942773,0,0,69.25347222222223,282.06685294018627,GATA2
GO_Biological_Process_2023,Hyperosmotic Response (GO:0006972),1/7,0.0170268574512903,0.1459722250942773,0,0,69.25347222222223,282.06685294018627,YBX3
GO_Biological_Process_2023,Negative Regulation Of Angiogenesis (GO:0016525),2/86,0.0188565392796525,0.1459722250942773,0,0,10.064336372847013,39.96442815292184,ANGPT4;SPARC
GO_Biological_Process_2023,Regulation Of Gene Expression (GO:0010468),7/1127,0.0191789570856692,0.1459722250942773,0,0,2.802232142857143,11.079862203550867,PID1;ANGPT1;ZNF219;GATA2;YBX3;SLC8A1;KLF1
GO_Biological_Process_2023,Negative Regulation Of Oxidative Stress-Induced Neuron Death (GO:1903204),1/8,0.0194359741846122,0.1459722250942773,0,0,59.35714285714285,233.9045135601692,FBXO7
GO_Biological_Process_2023,"Phototransduction, Visible Light (GO:0007603)",1/8,0.0194359741846122,0.1459722250942773,0,0,59.35714285714285,233.9045135601692,GNAQ
GO_Biological_Process_2023,Positive Regulation Of ATP Biosynthetic Process (GO:2001171),1/8,0.0194359741846122,0.1459722250942773,0,0,59.35714285714285,233.9045135601692,PID1
GO_Biological_Process_2023,Positive Regulation Of Blood Vessel Endothelial Cell Proliferation Involved In Sprouting Angiogenesis (GO:1903589),1/8,0.0194359741846122,0.1459722250942773,0,0,59.35714285714285,233.9045135601692,GATA2
GO_Biological_Process_2023,Negative Regulation Of Protein Kinase Activity (GO:0006469),2/88,0.0196880787024333,0.1459722250942773,0,0,9.829292429490351,38.606924395172186,GNAQ;SLC8A1
GO_Biological_Process_2023,Regulation Of Peptidyl-Tyrosine Phosphorylation (GO:0050730),2/90,0.0205348331635039,0.1459722250942773,0,0,9.604932301740812,37.32123861128528,ANGPT4;ANGPT1
GO_Biological_Process_2023,Regulation Of Endothelial Cell Proliferation (GO:0001936),2/93,0.0218331381638993,0.1459722250942773,0,0,9.28688332943652,35.51607275715026,SPARC;ANGPT1
GO_Biological_Process_2023,Negative Regulation Of Necroptotic Process (GO:0060546),1/9,0.0218393074841168,0.1459722250942773,0,0,51.934895833333336,198.60131834764672,YBX3
GO_Biological_Process_2023,Vasoconstriction (GO:0042310),1/9,0.0218393074841168,0.1459722250942773,0,0,51.934895833333336,198.60131834764672,SLC8A1
GO_Biological_Process_2023,Calcium Ion Transport Into Cytosol (GO:0060402),1/9,0.0218393074841168,0.1459722250942773,0,0,51.934895833333336,198.60131834764672,SLC8A1
GO_Biological_Process_2023,Mitochondrion Morphogenesis (GO:0070584),1/9,0.0218393074841168,0.1459722250942773,0,0,51.934895833333336,198.60131834764672,PID1
GO_Biological_Process_2023,Positive Regulation Of ATP Metabolic Process (GO:1903580),1/9,0.0218393074841168,0.1459722250942773,0,0,51.934895833333336,198.60131834764672,PID1
GO_Biological_Process_2023,Cellular Response To Purine-Containing Compound (GO:0071415),1/9,0.0218393074841168,0.1459722250942773,0,0,51.934895833333336,198.60131834764672,SLC8A1
GO_Biological_Process_2023,Regulation Of Cellular Extravasation (GO:0002691),1/9,0.0218393074841168,0.1459722250942773,0,0,51.934895833333336,198.60131834764672,PLVAP
GO_Biological_Process_2023,Negative Regulation Of Programmed Necrotic Cell Death (GO:0062099),1/10,0.0242368708211977,0.1459722250942773,0,0,46.16203703703704,171.71724838044534,YBX3
GO_Biological_Process_2023,Angiogenesis Involved In Wound Healing (GO:0060055),1/10,0.0242368708211977,0.1459722250942773,0,0,46.16203703703704,171.71724838044534,GATA2
GO_Biological_Process_2023,Protein Kinase C Signaling (GO:0070528),1/10,0.0242368708211977,0.1459722250942773,0,0,46.16203703703704,171.71724838044534,PLVAP
GO_Biological_Process_2023,Positive Regulation Of Autophagy Of Mitochondrion (GO:1903599),1/10,0.0242368708211977,0.1459722250942773,0,0,46.16203703703704,171.71724838044534,FBXO7
GO_Biological_Process_2023,Cytokine-Mediated Signaling Pathway (GO:0019221),3/257,0.0250343205352066,0.1459722250942773,0,0,5.057428962684012,18.64930760569085,PLVAP;IL1R1;FOXO3
GO_Biological_Process_2023,Calcium Ion Homeostasis (GO:0055074),2/102,0.0259258637518775,0.1459722250942773,0,0,8.447234042553191,30.853642359468505,ALPL;SLC8A1
GO_Biological_Process_2023,Negative Regulation Of Glucose Transmembrane Transport (GO:0010829),1/11,0.0266286776759158,0.1459722250942773,0,0,41.54375,150.62793852241148,PID1
GO_Biological_Process_2023,Regulation Of Mitochondrial Fusion (GO:0010635),1/11,0.0266286776759158,0.1459722250942773,0,0,41.54375,150.62793852241148,PID1
GO_Biological_Process_2023,Nucleoside Phosphate Catabolic Process (GO:1901292),1/11,0.0266286776759158,0.1459722250942773,0,0,41.54375,150.62793852241148,ENTPD1
GO_Biological_Process_2023,Cell Part Morphogenesis (GO:0032990),1/11,0.0266286776759158,0.1459722250942773,0,0,41.54375,150.62793852241148,PID1
GO_Biological_Process_2023,Melanocyte Differentiation (GO:0030318),1/11,0.0266286776759158,0.1459722250942773,0,0,41.54375,150.62793852241148,LRMDA
GO_Biological_Process_2023,Regulation Of Cell Activation (GO:0050865),1/11,0.0266286776759158,0.1459722250942773,0,0,41.54375,150.62793852241148,GNAQ
GO_Biological_Process_2023,Positive Regulation Of Vasculature Development (GO:1904018),2/104,0.0268746417135921,0.1459722250942773,0,0,8.280767626199417,29.947993363977123,ANGPT4;GATA2
GO_Biological_Process_2023,Positive Regulation Of Autophagy (GO:0010508),2/107,0.0283239137804599,0.1459722250942773,0,0,8.042958459979737,28.665496618593785,FOXO3;FBXO7
GO_Biological_Process_2023,Response To Tumor Necrosis Factor (GO:0034612),2/108,0.0288138892873746,0.1459722250942773,0,0,7.966680048173425,28.256999467496986,PID1;YBX3
GO_Biological_Process_2023,Positive Regulation Of Purine Nucleotide Biosynthetic Process (GO:1900373),1/12,0.0290147415071519,0.1459722250942773,0,0,37.76515151515152,133.68679532449664,PID1
GO_Biological_Process_2023,Calcium Ion Import (GO:0070509),1/12,0.0290147415071519,0.1459722250942773,0,0,37.76515151515152,133.68679532449664,SLC8A1
GO_Biological_Process_2023,Relaxation Of Cardiac Muscle (GO:0055119),1/12,0.0290147415071519,0.1459722250942773,0,0,37.76515151515152,133.68679532449664,SLC8A1
GO_Biological_Process_2023,Positive Regulation Of T-helper 1 Type Immune Response (GO:0002827),1/12,0.0290147415071519,0.1459722250942773,0,0,37.76515151515152,133.68679532449664,IL1R1
GO_Biological_Process_2023,Regulation Of T Cell Differentiation In Thymus (GO:0033081),1/12,0.0290147415071519,0.1459722250942773,0,0,37.76515151515152,133.68679532449664,VNN1
GO_Biological_Process_2023,Response To Interleukin-6 (GO:0070741),1/12,0.0290147415071519,0.1459722250942773,0,0,37.76515151515152,133.68679532449664,PID1
GO_Biological_Process_2023,Positive Regulation Of Cellular Extravasation (GO:0002693),1/12,0.0290147415071519,0.1459722250942773,0,0,37.76515151515152,133.68679532449664,PLVAP
GO_Biological_Process_2023,Regulation Of Cell Communication By Electrical Coupling (GO:0010649),1/12,0.0290147415071519,0.1459722250942773,0,0,37.76515151515152,133.68679532449664,SLC8A1
GO_Biological_Process_2023,Regulation Of Wnt Signaling Pathway (GO:0030111),2/109,0.0293072755062754,0.1459722250942773,0,0,7.891827401073773,27.85751529943482,DAAM2;GNAQ
GO_Biological_Process_2023,Response To Lipid (GO:0033993),2/110,0.0298040535312284,0.1459722250942773,0,0,7.818360914105595,27.46676871436148,ALPL;FOXO3
GO_Biological_Process_2023,Regulation Of Protein Serine/Threonine Kinase Activity (GO:0071900),2/112,0.0308077096870872,0.1459722250942773,0,0,7.675435203094778,26.710440099644483,SLC8A1;CCNJL
GO_Biological_Process_2023,Membrane Depolarization During Action Potential (GO:0086010),1/13,0.0313950757631915,0.1459722250942773,0,0,34.61631944444444,119.81068935137382,SLC8A1
GO_Biological_Process_2023,Purine Ribonucleoside Bisphosphate Metabolic Process (GO:0034035),1/13,0.0313950757631915,0.1459722250942773,0,0,34.61631944444444,119.81068935137382,TPST1
GO_Biological_Process_2023,Relaxation Of Muscle (GO:0090075),1/13,0.0313950757631915,0.1459722250942773,0,0,34.61631944444444,119.81068935137382,SLC8A1
GO_Biological_Process_2023,Synaptonemal Complex Assembly (GO:0007130),1/14,0.033769693865094,0.1459722250942773,0,0,31.95192307692308,108.25923449477123,SHOC1
GO_Biological_Process_2023,Synaptonemal Complex Organization (GO:0070193),1/14,0.033769693865094,0.1459722250942773,0,0,31.95192307692308,108.25923449477123,SHOC1
GO_Biological_Process_2023,Regulation Of Non-Canonical Wnt Signaling Pathway (GO:2000050),1/14,0.033769693865094,0.1459722250942773,0,0,31.95192307692308,108.25923449477123,DAAM2
GO_Biological_Process_2023,Cardiac Cell Development (GO:0055006),1/14,0.033769693865094,0.1459722250942773,0,0,31.95192307692308,108.25923449477123,SLC8A1
GO_Biological_Process_2023,Regulation Of ATP Biosynthetic Process (GO:2001169),1/14,0.033769693865094,0.1459722250942773,0,0,31.95192307692308,108.25923449477123,PID1
GO_Biological_Process_2023,Resolution Of Meiotic Recombination Intermediates (GO:0000712),1/14,0.033769693865094,0.1459722250942773,0,0,31.95192307692308,108.25923449477123,SHOC1
GO_Biological_Process_2023,Response To Muscle Stretch (GO:0035994),1/14,0.033769693865094,0.1459722250942773,0,0,31.95192307692308,108.25923449477123,SLC8A1
GO_Biological_Process_2023,Positive Regulation Of Cytoplasmic Translation (GO:2000767),1/14,0.033769693865094,0.1459722250942773,0,0,31.95192307692308,108.25923449477123,YBX3
GO_Biological_Process_2023,Smooth Muscle Contraction (GO:0006939),1/14,0.033769693865094,0.1459722250942773,0,0,31.95192307692308,108.25923449477123,SLC8A1
GO_Biological_Process_2023,Positive Regulation Of Angiogenesis (GO:0045766),2/119,0.0344246003686635,0.1472200994489652,0,0,7.213675213675214,24.30275524487913,ANGPT4;GATA2
GO_Biological_Process_2023,3'-Phosphoadenosine 5'-Phosphosulfate Metabolic Process (GO:0050427),1/15,0.0361386092201723,0.1493224803383351,0,0,29.668154761904763,98.50994756608031,TPST1
GO_Biological_Process_2023,Ganglioside Biosynthetic Process (GO:0001574),1/15,0.0361386092201723,0.1493224803383351,0,0,29.668154761904763,98.50994756608031,ST6GALNAC3
GO_Biological_Process_2023,Response To Cytokine (GO:0034097),2/125,0.037650089107127,0.1493224803383351,0,0,6.859712852447673,22.4958792345749,PID1;IL1R1
GO_Biological_Process_2023,Cell Communication By Electrical Coupling Involved In Cardiac Conduction (GO:0086064),1/16,0.0385018352066202,0.1493224803383351,0,0,27.68888888888889,90.18407814256835,SLC8A1
GO_Biological_Process_2023,Membrane Depolarization During Cardiac Muscle Cell Action Potential (GO:0086012),1/16,0.0385018352066202,0.1493224803383351,0,0,27.68888888888889,90.18407814256835,SLC8A1
GO_Biological_Process_2023,Cellular Response To Fatty Acid (GO:0071398),1/16,0.0385018352066202,0.1493224803383351,0,0,27.68888888888889,90.18407814256835,PID1
GO_Biological_Process_2023,Positive Regulation Of Cell Migration Involved In Sprouting Angiogenesis (GO:0090050),1/16,0.0385018352066202,0.1493224803383351,0,0,27.68888888888889,90.18407814256835,GATA2
GO_Biological_Process_2023,Regulation Of Blood Vessel Endothelial Cell Proliferation Involved In Sprouting Angiogenesis (GO:1903587),1/16,0.0385018352066202,0.1493224803383351,0,0,27.68888888888889,90.18407814256835,GATA2
GO_Biological_Process_2023,Regulation Of Cardiac Muscle Contraction By Regulation Of The Release Of Sequestered Calcium Ion (GO:0010881),1/16,0.0385018352066202,0.1493224803383351,0,0,27.68888888888889,90.18407814256835,SLC8A1
GO_Biological_Process_2023,Regulation Of Anatomical Structure Morphogenesis (GO:0022603),2/127,0.0387502305620584,0.1493224803383351,0,0,6.749276595744681,21.93932385787189,PID1;SPARC
GO_Biological_Process_2023,Positive Regulation Of Peptidyl-Tyrosine Phosphorylation (GO:0050731),2/130,0.0404233709851929,0.1493224803383351,0,0,6.590093085106383,21.14330650980757,ANGPT4;ANGPT1
GO_Biological_Process_2023,G Protein-Coupled Acetylcholine Receptor Signaling Pathway (GO:0007213),1/17,0.0408593851672061,0.1493224803383351,0,0,25.95703125,83.00068948212059,GNAQ
GO_Biological_Process_2023,Positive Regulation Of Regulatory T Cell Differentiation (GO:0045591),1/17,0.0408593851672061,0.1493224803383351,0,0,25.95703125,83.00068948212059,FOXO3
GO_Biological_Process_2023,Membrane Lipid Metabolic Process (GO:0006643),1/17,0.0408593851672061,0.1493224803383351,0,0,25.95703125,83.00068948212059,AGMO
GO_Biological_Process_2023,Cellular Response To Alkaloid (GO:0071312),1/17,0.0408593851672061,0.1493224803383351,0,0,25.95703125,83.00068948212059,SLC8A1
GO_Biological_Process_2023,Detection Of Visible Light (GO:0009584),1/17,0.0408593851672061,0.1493224803383351,0,0,25.95703125,83.00068948212059,GNAQ
GO_Biological_Process_2023,3'-UTR-mediated mRNA Stabilization (GO:0070935),1/18,0.0432112724444188,0.1497494096780723,0,0,24.42892156862745,76.74721626832032,YBX3
GO_Biological_Process_2023,Intracellular Sodium Ion Homeostasis (GO:0006883),1/18,0.0432112724444188,0.1497494096780723,0,0,24.42892156862745,76.74721626832032,SLC8A1
GO_Biological_Process_2023,Regulation Of Oligodendrocyte Differentiation (GO:0048713),1/18,0.0432112724444188,0.1497494096780723,0,0,24.42892156862745,76.74721626832032,DAAM2
GO_Biological_Process_2023,Regulation Of Oxidative Stress-Induced Intrinsic Apoptotic Signaling Pathway (GO:1902175),1/18,0.0432112724444188,0.1497494096780723,0,0,24.42892156862745,76.74721626832032,VNN1
GO_Biological_Process_2023,Endothelial Cell Proliferation (GO:0001935),1/18,0.0432112724444188,0.1497494096780723,0,0,24.42892156862745,76.74721626832032,ANGPT4
GO_Biological_Process_2023,Energy Reserve Metabolic Process (GO:0006112),1/18,0.0432112724444188,0.1497494096780723,0,0,24.42892156862745,76.74721626832032,PID1
GO_Biological_Process_2023,Ganglioside Metabolic Process (GO:0001573),1/19,0.0455575103218218,0.1526176595781031,0,0,23.07060185185185,71.26000869785321,ST6GALNAC3
GO_Biological_Process_2023,Glycosphingolipid Biosynthetic Process (GO:0006688),1/19,0.0455575103218218,0.1526176595781031,0,0,23.07060185185185,71.26000869785321,ST6GALNAC3
GO_Biological_Process_2023,Interleukin-1-Mediated Signaling Pathway (GO:0070498),1/19,0.0455575103218218,0.1526176595781031,0,0,23.07060185185185,71.26000869785321,IL1R1
GO_Biological_Process_2023,Regulation Of Autophagy Of Mitochondrion (GO:1903146),1/19,0.0455575103218218,0.1526176595781031,0,0,23.07060185185185,71.26000869785321,FBXO7
GO_Biological_Process_2023,Negative Regulation Of Protein Localization To Cell Periphery (GO:1904376),1/20,0.0478981120694178,0.1540403284152478,0,0,21.855263157894736,66.41113333547993,PID1
GO_Biological_Process_2023,Negative Regulation Of Protein Localization To Plasma Membrane (GO:1903077),1/20,0.0478981120694178,0.1540403284152478,0,0,21.855263157894736,66.41113333547993,PID1
GO_Biological_Process_2023,Regulation Of Necroptotic Process (GO:0060544),1/20,0.0478981120694178,0.1540403284152478,0,0,21.855263157894736,66.41113333547993,YBX3
GO_Biological_Process_2023,Mitochondrial RNA Metabolic Process (GO:0000959),1/20,0.0478981120694178,0.1540403284152478,0,0,21.855263157894736,66.41113333547993,FOXO3
GO_Biological_Process_2023,Regulation Of Cardiac Muscle Contraction By Calcium Ion Signaling (GO:0010882),1/20,0.0478981120694178,0.1540403284152478,0,0,21.855263157894736,66.41113333547993,SLC8A1
GO_Biological_Process_2023,Positive Regulation Of T Cell Cytokine Production (GO:0002726),1/21,0.0502330909367498,0.1553684483290419,0,0,20.761458333333334,62.09920952085082,IL1R1
GO_Biological_Process_2023,Regulation Of Cardiac Conduction (GO:1903779),1/21,0.0502330909367498,0.1553684483290419,0,0,20.761458333333334,62.09920952085082,SLC8A1
GO_Biological_Process_2023,Sodium Ion Import Across Plasma Membrane (GO:0098719),1/21,0.0502330909367498,0.1553684483290419,0,0,20.761458333333334,62.09920952085082,SLC8A1
GO_Biological_Process_2023,Negative Regulation Of Protein Phosphorylation (GO:0001933),2/149,0.0516299300469031,0.1553684483290419,0,0,5.732812273845709,16.990070507344612,PID1;GNAQ
GO_Biological_Process_2023,Acetylcholine Receptor Signaling Pathway (GO:0095500),1/22,0.0525624601312181,0.1553684483290419,0,0,19.771825396825395,58.24291595044674,GNAQ
GO_Biological_Process_2023,Positive Regulation Of Receptor Internalization (GO:0002092),1/22,0.0525624601312181,0.1553684483290419,0,0,19.771825396825395,58.24291595044674,ANGPT1
GO_Biological_Process_2023,Regulation Of Neural Precursor Cell Proliferation (GO:2000177),1/22,0.0525624601312181,0.1553684483290419,0,0,19.771825396825395,58.24291595044674,GATA2
GO_Biological_Process_2023,Organelle Fission (GO:0048285),1/22,0.0525624601312181,0.1553684483290419,0,0,19.771825396825395,58.24291595044674,TMCC1
GO_Biological_Process_2023,Oxoacid Metabolic Process (GO:0043436),1/22,0.0525624601312181,0.1553684483290419,0,0,19.771825396825395,58.24291595044674,TPST1
GO_Biological_Process_2023,Regulation Of Regulatory T Cell Differentiation (GO:0045589),1/22,0.0525624601312181,0.1553684483290419,0,0,19.771825396825395,58.24291595044674,FOXO3
GO_Biological_Process_2023,Regulation Of Release Of Sequestered Calcium Ion Into Cytosol By Sarcoplasmic Reticulum (GO:0010880),1/22,0.0525624601312181,0.1553684483290419,0,0,19.771825396825395,58.24291595044674,SLC8A1
GO_Biological_Process_2023,Negative Regulation Of Oxidative Stress-Induced Cell Death (GO:1903202),1/23,0.0548862328463382,0.1587357237714244,0,0,18.87215909090909,54.77630455586824,FBXO7
GO_Biological_Process_2023,Positive Regulation Of Neuron Apoptotic Process (GO:0043525),1/23,0.0548862328463382,0.1587357237714244,0,0,18.87215909090909,54.77630455586824,FOXO3
GO_Biological_Process_2023,Cellular Response To Interleukin-6 (GO:0071354),1/23,0.0548862328463382,0.1587357237714244,0,0,18.87215909090909,54.77630455586824,PID1
GO_Biological_Process_2023,Regulation Of Cytoplasmic Translation (GO:2000765),1/24,0.0572044222192574,0.1630934590932019,0,0,18.05072463768116,51.645362778983234,YBX3
GO_Biological_Process_2023,Neuromuscular Junction Development (GO:0007528),1/24,0.0572044222192574,0.1630934590932019,0,0,18.05072463768116,51.645362778983234,CACNB4
GO_Biological_Process_2023,Negative Regulation Of Protein Localization To Membrane (GO:1905476),1/25,0.0595170414020208,0.1645913217947606,0,0,17.297743055555557,48.80545398159523,PID1
GO_Biological_Process_2023,Sodium Ion Homeostasis (GO:0055078),1/25,0.0595170414020208,0.1645913217947606,0,0,17.297743055555557,48.80545398159523,SLC8A1
GO_Biological_Process_2023,Positive Regulation Of Macromolecule Metabolic Process (GO:0010604),3/364,0.0596217373412884,0.1645913217947606,0,0,3.5390822594243043,9.9792742949658,PID1;ANGPT1;GATA2
GO_Biological_Process_2023,Regulation Of Macromolecule Metabolic Process (GO:0060255),2/162,0.0598640810188135,0.1645913217947606,0,0,5.263563829787234,14.820504050129063,YBX3;SLC8A1
GO_Biological_Process_2023,Mitochondrion Organization (GO:0007005),2/162,0.0598640810188135,0.1645913217947606,0,0,5.263563829787234,14.820504050129063,PID1;FBXO7
GO_Biological_Process_2023,Negative Regulation Of Endothelial Cell Apoptotic Process (GO:2000352),1/26,0.061824103460221,0.1645913217947606,0,0,16.605,46.219385960868735,GATA2
GO_Biological_Process_2023,Negative Regulation Of Insulin Receptor Signaling Pathway (GO:0046627),1/26,0.061824103460221,0.1645913217947606,0,0,16.605,46.219385960868735,PID1
GO_Biological_Process_2023,Acute Inflammatory Response (GO:0002526),1/26,0.061824103460221,0.1645913217947606,0,0,16.605,46.219385960868735,VNN1
GO_Biological_Process_2023,Cardiac Muscle Cell Development (GO:0055013),1/26,0.061824103460221,0.1645913217947606,0,0,16.605,46.219385960868735,SLC8A1
GO_Biological_Process_2023,Positive Regulation Of Erythrocyte Differentiation (GO:0045648),1/26,0.061824103460221,0.1645913217947606,0,0,16.605,46.219385960868735,FOXO3
GO_Biological_Process_2023,Activation Of Phospholipase C Activity (GO:0007202),1/27,0.0641256214892022,0.1652467938375596,0,0,15.965544871794872,43.85593535873217,GNAQ
GO_Biological_Process_2023,Cardiac Muscle Cell Differentiation (GO:0055007),1/27,0.0641256214892022,0.1652467938375596,0,0,15.965544871794872,43.85593535873217,SLC8A1
GO_Biological_Process_2023,Negative Regulation Of Notch Signaling Pathway (GO:0045746),1/27,0.0641256214892022,0.1652467938375596,0,0,15.965544871794872,43.85593535873217,GATA2
GO_Biological_Process_2023,Regulation Of Actin Polymerization Or Depolymerization (GO:0008064),1/27,0.0641256214892022,0.1652467938375596,0,0,15.965544871794872,43.85593535873217,DAAM2
GO_Biological_Process_2023,Negative Regulation Of Cellular Response To Insulin Stimulus (GO:1900077),1/27,0.0641256214892022,0.1652467938375596,0,0,15.965544871794872,43.85593535873217,PID1
GO_Biological_Process_2023,Regulation Of Plasma Membrane Bounded Cell Projection Organization (GO:0120035),1/28,0.0664216085125299,0.167933878126019,0,0,15.373456790123456,41.68870773487514,FBXO7
GO_Biological_Process_2023,Regulation Of Platelet Activation (GO:0010543),1/28,0.0664216085125299,0.167933878126019,0,0,15.373456790123456,41.68870773487514,GNAQ
GO_Biological_Process_2023,Cellular Response To Osmotic Stress (GO:0071470),1/28,0.0664216085125299,0.167933878126019,0,0,15.373456790123456,41.68870773487514,YBX3
GO_Biological_Process_2023,Cardiac Muscle Cell Action Potential (GO:0086001),1/29,0.0687120775442854,0.1715668023155451,0,0,14.823660714285714,39.695247728368734,SLC8A1
GO_Biological_Process_2023,Regulation Of Voltage-Gated Calcium Channel Activity (GO:1901385),1/29,0.0687120775442854,0.1715668023155451,0,0,14.823660714285714,39.695247728368734,CACNB4
GO_Biological_Process_2023,Homologous Chromosome Pairing At Meiosis (GO:0007129),1/30,0.070997041562065,0.175096998208283,0,0,14.311781609195402,37.85633785017516,SHOC1
GO_Biological_Process_2023,Regulation Of Cell Migration Involved In Sprouting Angiogenesis (GO:0090049),1/30,0.070997041562065,0.175096998208283,0,0,14.311781609195402,37.85633785017516,GATA2
GO_Biological_Process_2023,Endosomal Transport (GO:0016197),2/180,0.0719510740570036,0.1763678766519234,0,0,4.726990198422185,12.44034587959209,REPS2;TMCC1
GO_Biological_Process_2023,Positive Regulation Of Leukocyte Migration (GO:0002687),1/31,0.0732765135248936,0.1774527616687182,0,0,13.834027777777775,36.15544100556018,PLVAP
GO_Biological_Process_2023,Regulation Of Cell Morphogenesis (GO:0022604),1/31,0.0732765135248936,0.1774527616687182,0,0,13.834027777777775,36.15544100556018,SPARC
GO_Biological_Process_2023,Glycosphingolipid Metabolic Process (GO:0006687),1/32,0.0755505063421219,0.1797118553226806,0,0,13.387096774193548,34.57825366469509,ST6GALNAC3
GO_Biological_Process_2023,Muscle Cell Development (GO:0055001),1/32,0.0755505063421219,0.1797118553226806,0,0,13.387096774193548,34.57825366469509,SLC8A1
GO_Biological_Process_2023,Regulation Of Calcium Ion Transmembrane Transporter Activity (GO:1901019),1/32,0.0755505063421219,0.1797118553226806,0,0,13.387096774193548,34.57825366469509,CACNB4
GO_Biological_Process_2023,Glycolipid Metabolic Process (GO:0006664),1/33,0.0778190329125443,0.1808280417967794,0,0,12.968098958333334,33.112344965122624,ST6GALNAC3
GO_Biological_Process_2023,Cardiac Muscle Contraction (GO:0060048),1/33,0.0778190329125443,0.1808280417967794,0,0,12.968098958333334,33.112344965122624,SLC8A1
GO_Biological_Process_2023,Regulation Of Protein Polymerization (GO:0032271),1/33,0.0778190329125443,0.1808280417967794,0,0,12.968098958333334,33.112344965122624,DAAM2
GO_Biological_Process_2023,Negative Regulation Of Blood Vessel Endothelial Cell Migration (GO:0043537),1/33,0.0778190329125443,0.1808280417967794,0,0,12.968098958333334,33.112344965122624,ANGPT4
GO_Biological_Process_2023,Positive Regulation Of Neuron Death (GO:1901216),1/34,0.080082106093531,0.1850172795953992,0,0,12.57449494949495,31.746863166533927,FOXO3
GO_Biological_Process_2023,Glutamate Receptor Signaling Pathway (GO:0007215),1/35,0.0823397387131553,0.186845941358076,0,0,12.204044117647058,30.47229528129729,GNAQ
GO_Biological_Process_2023,Action Potential (GO:0001508),1/35,0.0823397387131553,0.186845941358076,0,0,12.204044117647058,30.47229528129729,GNAQ
GO_Biological_Process_2023,Regulation Of Cardiac Muscle Contraction (GO:0055117),1/35,0.0823397387131553,0.186845941358076,0,0,12.204044117647058,30.47229528129729,SLC8A1
GO_Biological_Process_2023,Regulation Of Erythrocyte Differentiation (GO:0045646),1/36,0.0845919435999249,0.186845941358076,0,0,11.854761904761904,29.2802690236398,FOXO3
GO_Biological_Process_2023,Regulation Of Glucose Import (GO:0046324),1/36,0.0845919435999249,0.186845941358076,0,0,11.854761904761904,29.2802690236398,PID1
GO_Biological_Process_2023,Positive Regulation Of Myeloid Cell Differentiation (GO:0045639),1/36,0.0845919435999249,0.186845941358076,0,0,11.854761904761904,29.2802690236398,FOXO3
GO_Biological_Process_2023,Positive Regulation Of Phospholipase C Activity (GO:0010863),1/36,0.0845919435999249,0.186845941358076,0,0,11.854761904761904,29.2802690236398,GNAQ
GO_Biological_Process_2023,Regulation Of Receptor Internalization (GO:0002090),1/36,0.0845919435999249,0.186845941358076,0,0,11.854761904761904,29.2802690236398,ANGPT1
GO_Biological_Process_2023,Negative Regulation Of Endothelial Cell Migration (GO:0010596),1/37,0.0868387334939797,0.1876837143256982,0,0,11.52488425925926,28.16338868908917,ANGPT4
GO_Biological_Process_2023,Negative Regulation Of Endothelial Cell Proliferation (GO:0001937),1/37,0.0868387334939797,0.1876837143256982,0,0,11.52488425925926,28.16338868908917,SPARC
GO_Biological_Process_2023,Calcium Ion Import Across Plasma Membrane (GO:0098703),1/37,0.0868387334939797,0.1876837143256982,0,0,11.52488425925926,28.16338868908917,SLC8A1
GO_Biological_Process_2023,Mitochondrion Disassembly (GO:0061726),1/37,0.0868387334939797,0.1876837143256982,0,0,11.52488425925926,28.16338868908917,FBXO7
GO_Biological_Process_2023,Negative Regulation Of Epithelial Cell Apoptotic Process (GO:1904036),1/38,0.0890801211766743,0.1894720037726089,0,0,11.21283783783784,27.115098358704657,GATA2
GO_Biological_Process_2023,Membrane Fission (GO:0090148),1/38,0.0890801211766743,0.1894720037726089,0,0,11.21283783783784,27.115098358704657,TMCC1
GO_Biological_Process_2023,Positive Regulation Of Bone Mineralization (GO:0030501),1/38,0.0890801211766743,0.1894720037726089,0,0,11.21283783783784,27.115098358704657,SLC8A1
GO_Biological_Process_2023,Positive Regulation Of Intrinsic Apoptotic Signaling Pathway (GO:2001244),1/39,0.0913161193308034,0.1903794224116584,0,0,10.917214912280702,26.129567345484944,VNN1
GO_Biological_Process_2023,Positive Regulation Of Pattern Recognition Receptor Signaling Pathway (GO:0062208),1/39,0.0913161193308034,0.1903794224116584,0,0,10.917214912280702,26.129567345484944,TREML4
GO_Biological_Process_2023,Regulation Of Mitochondrial Membrane Potential (GO:0051881),1/39,0.0913161193308034,0.1903794224116584,0,0,10.917214912280702,26.129567345484944,PID1
GO_Biological_Process_2023,Regulation Of Canonical Wnt Signaling Pathway (GO:0060828),2/207,0.0914010659837066,0.1903794224116584,0,0,4.098806434872859,9.80638676242535,DAAM2;GNAQ
GO_Biological_Process_2023,Notch Signaling Pathway (GO:0007219),1/40,0.0935467406593446,0.1928502038208027,0,0,10.636752136752136,25.20159373503205,MAML3
GO_Biological_Process_2023,Water-Soluble Vitamin Metabolic Process (GO:0006767),1/40,0.0935467406593446,0.1928502038208027,0,0,10.636752136752136,25.20159373503205,VNN1
GO_Biological_Process_2023,O-glycan Processing (GO:0016266),1/41,0.0957719978250872,0.1934690609330909,0,0,10.3703125,24.32652283384113,GALNT14
GO_Biological_Process_2023,Heart Contraction (GO:0060047),1/41,0.0957719978250872,0.1934690609330909,0,0,10.3703125,24.32652283384113,SLC8A1
GO_Biological_Process_2023,Positive Regulation Of Ossification (GO:0045778),1/41,0.0957719978250872,0.1934690609330909,0,0,10.3703125,24.32652283384113,SLC8A1
GO_Biological_Process_2023,Regulation Of Amide Metabolic Process (GO:0034248),1/41,0.0957719978250872,0.1934690609330909,0,0,10.3703125,24.32652283384113,FOXO3
GO_Biological_Process_2023,Cellular Response To Glucose Starvation (GO:0042149),1/42,0.0979919034498567,0.1959838068997134,0,0,10.116869918699187,23.50017789315131,FOXO3
GO_Biological_Process_2023,Ceramide Biosynthetic Process (GO:0046513),1/42,0.0979919034498567,0.1959838068997134,0,0,10.116869918699187,23.50017789315131,ST6GALNAC3
GO_Biological_Process_2023,Regulation Of Filopodium Assembly (GO:0051489),1/43,0.1002064701400459,0.1965024438843827,0,0,9.875496031746032,22.71880101878368,DAAM2
GO_Biological_Process_2023,Positive Regulation Of Receptor-Mediated Endocytosis (GO:0048260),1/43,0.1002064701400459,0.1965024438843827,0,0,9.875496031746032,22.71880101878368,ANGPT1
GO_Biological_Process_2023,Positive Regulation Of Biomineral Tissue Development (GO:0070169),1/43,0.1002064701400459,0.1965024438843827,0,0,9.875496031746032,22.71880101878368,SLC8A1
GO_Biological_Process_2023,Energy Derivation By Oxidation Of Organic Compounds (GO:0015980),1/43,0.1002064701400459,0.1965024438843827,0,0,9.875496031746032,22.71880101878368,PID1
GO_Biological_Process_2023,Establishment Of Protein Localization To Mitochondrion (GO:0072655),1/44,0.1024157104643206,0.1988942782930285,0,0,9.645348837209305,21.979002576799186,FBXO7
GO_Biological_Process_2023,Regulation Of Insulin Receptor Signaling Pathway (GO:0046626),1/44,0.1024157104643206,0.1988942782930285,0,0,9.645348837209305,21.979002576799186,PID1
GO_Biological_Process_2023,Regulation Of Cellular Metabolic Process (GO:0031323),1/45,0.1046196369604402,0.2012301151105119,0,0,9.42566287878788,21.27771770333297,PID1
GO_Biological_Process_2023,Epidermal Growth Factor Receptor Signaling Pathway (GO:0007173),1/45,0.1046196369604402,0.2012301151105119,0,0,9.42566287878788,21.27771770333297,REPS2
GO_Biological_Process_2023,Epithelial Cell Migration (GO:0010631),1/46,0.1068182621376764,0.2044806732349806,0,0,9.21574074074074,20.612168790008823,DAAM2
GO_Biological_Process_2023,Positive Regulation Of Reactive Oxygen Species Metabolic Process (GO:2000379),1/48,0.1111996584812328,0.2107859009662744,0,0,8.822695035460994,19.378414132394244,PID1
GO_Biological_Process_2023,Oligosaccharide Metabolic Process (GO:0009311),1/48,0.1111996584812328,0.2107859009662744,0,0,8.822695035460994,19.378414132394244,ST6GALNAC3
GO_Biological_Process_2023,Positive Regulation Of Gene Expression (GO:0010628),3/480,0.1129670479618944,0.2107859009662744,0,0,2.662564943943123,5.806146510969417,PID1;ANGPT1;GATA2
GO_Biological_Process_2023,Erythrocyte Differentiation (GO:0030218),1/49,0.1133824545204342,0.2107859009662744,0,0,8.63845486111111,18.805817941718324,KLF1
GO_Biological_Process_2023,Autophagy Of Mitochondrion (GO:0000422),1/49,0.1133824545204342,0.2107859009662744,0,0,8.63845486111111,18.805817941718324,FBXO7
GO_Biological_Process_2023,Regulation Of Cell Communication (GO:0010646),1/49,0.1133824545204342,0.2107859009662744,0,0,8.63845486111111,18.805817941718324,SLC8A1
GO_Biological_Process_2023,Inflammatory Response (GO:0006954),2/236,0.1137824390788098,0.2107859009662744,0,0,3.585561011092926,7.793098832028495,TPST1;VNN1
GO_Biological_Process_2023,Regulation Of Mitochondrion Organization (GO:0010821),1/50,0.1155599990222406,0.2130968789309208,0,0,8.46173469387755,18.26013079359792,PID1
GO_Biological_Process_2023,Sprouting Angiogenesis (GO:0002040),1/52,0.1198993828458443,0.2171177930283956,0,0,8.129084967320262,17.242621342986663,ANGPT1
GO_Biological_Process_2023,Spermatid Development (GO:0007286),1/53,0.122061246826909,0.2171177930283956,0,0,7.972355769230769,16.76771645630506,RFX2
GO_Biological_Process_2023,Regulation Of Cyclin-Dependent Protein Kinase Activity (GO:1904029),1/53,0.122061246826909,0.2171177930283956,0,0,7.972355769230769,16.76771645630506,CCNJL
GO_Biological_Process_2023,Glycoprotein Metabolic Process (GO:0009100),1/53,0.122061246826909,0.2171177930283956,0,0,7.972355769230769,16.76771645630506,ST6GALNAC3
GO_Biological_Process_2023,Regulation Of Macromolecule Biosynthetic Process (GO:0010556),1/53,0.122061246826909,0.2171177930283956,0,0,7.972355769230769,16.76771645630506,FOXO3
GO_Biological_Process_2023,mRNA Stabilization (GO:0048255),1/53,0.122061246826909,0.2171177930283956,0,0,7.972355769230769,16.76771645630506,YBX3
GO_Biological_Process_2023,Mitochondrial Transport (GO:0006839),1/53,0.122061246826909,0.2171177930283956,0,0,7.972355769230769,16.76771645630506,FBXO7
GO_Biological_Process_2023,Endosome Organization (GO:0007032),1/53,0.122061246826909,0.2171177930283956,0,0,7.972355769230769,16.76771645630506,TMCC1
GO_Biological_Process_2023,ERBB Signaling Pathway (GO:0038127),1/54,0.1242179085729291,0.2180593853550982,0,0,7.821540880503145,16.313528042717785,REPS2
GO_Biological_Process_2023,Peptidyl-Tyrosine Modification (GO:0018212),1/54,0.1242179085729291,0.2180593853550982,0,0,7.821540880503145,16.313528042717785,TPST1
GO_Biological_Process_2023,Endoplasmic Reticulum Organization (GO:0007029),1/54,0.1242179085729291,0.2180593853550982,0,0,7.821540880503145,16.313528042717785,TMCC1
GO_Biological_Process_2023,Ceramide Metabolic Process (GO:0006672),1/55,0.126369380338241,0.2195549718473942,0,0,7.676311728395062,15.878804463813514,ST6GALNAC3
GO_Biological_Process_2023,RNA Polymerase II Preinitiation Complex Assembly (GO:0051123),1/56,0.1285156743868668,0.2195549718473942,0,0,7.536363636363636,15.462390450976152,LINC02218
GO_Biological_Process_2023,Regulation Of Reactive Oxygen Species Metabolic Process (GO:2000377),1/56,0.1285156743868668,0.2195549718473942,0,0,7.536363636363636,15.462390450976152,PID1
GO_Biological_Process_2023,Positive Regulation Of Cellular Metabolic Process (GO:0031325),1/56,0.1285156743868668,0.2195549718473942,0,0,7.536363636363636,15.462390450976152,PID1
GO_Biological_Process_2023,Regulation Of Cation Channel Activity (GO:2001257),1/56,0.1285156743868668,0.2195549718473942,0,0,7.536363636363636,15.462390450976152,CACNB4
GO_Biological_Process_2023,Striated Muscle Contraction (GO:0006941),1/57,0.1306568028722364,0.2195549718473942,0,0,7.401413690476191,15.06321813640217,SLC8A1
GO_Biological_Process_2023,Post-Transcriptional Regulation Of Gene Expression (GO:0010608),1/57,0.1306568028722364,0.2195549718473942,0,0,7.401413690476191,15.06321813640217,FOXO3
GO_Biological_Process_2023,Myeloid Cell Differentiation (GO:0030099),1/57,0.1306568028722364,0.2195549718473942,0,0,7.401413690476191,15.06321813640217,KLF1
GO_Biological_Process_2023,Positive Regulation Of Mitochondrion Organization (GO:0010822),1/58,0.132792777972346,0.2195549718473942,0,0,7.271198830409356,14.68029904530939,FBXO7
GO_Biological_Process_2023,Glycosaminoglycan Biosynthetic Process (GO:0006024),1/58,0.132792777972346,0.2195549718473942,0,0,7.271198830409356,14.68029904530939,ANGPT1
GO_Biological_Process_2023,Positive Regulation Of Type II Interferon Production (GO:0032729),1/58,0.132792777972346,0.2195549718473942,0,0,7.271198830409356,14.68029904530939,IL1R1
GO_Biological_Process_2023,Regulation Of Phagocytosis (GO:0050764),1/58,0.132792777972346,0.2195549718473942,0,0,7.271198830409356,14.68029904530939,GATA2
GO_Biological_Process_2023,Response To Organic Cyclic Compound (GO:0014070),1/58,0.132792777972346,0.2195549718473942,0,0,7.271198830409356,14.68029904530939,ALPL
GO_Biological_Process_2023,Regulation Of Bone Mineralization (GO:0030500),1/58,0.132792777972346,0.2195549718473942,0,0,7.271198830409356,14.68029904530939,SLC8A1
GO_Biological_Process_2023,Cellular Component Assembly (GO:0022607),2/260,0.1332622217183189,0.2195549718473942,0,0,3.248062015503876,6.54626274008174,REPS2;SHOC1
GO_Biological_Process_2023,Transcription Preinitiation Complex Assembly (GO:0070897),1/59,0.1349236118713764,0.2204849267166394,0,0,7.145474137931035,14.31271695339298,LINC02218
GO_Biological_Process_2023,Protein Targeting To Mitochondrion (GO:0006626),1/59,0.1349236118713764,0.2204849267166394,0,0,7.145474137931035,14.31271695339298,FBXO7
GO_Biological_Process_2023,Positive Regulation Of Phagocytosis (GO:0050766),1/60,0.1370493166479286,0.2227431056508733,0,0,7.0240112994350286,13.95962150005924,GATA2
GO_Biological_Process_2023,Regulation Of Protein Phosphorylation (GO:0001932),2/265,0.1374136572174542,0.2227431056508733,0,0,3.185502791036324,6.3224569478947465,PID1;ANGPT1
GO_Biological_Process_2023,Negative Regulation Of Signal Transduction (GO:0009968),2/267,0.1390824488964231,0.2237852062790704,0,0,3.1611401043757525,6.235944301418289,PID1;GATA2
GO_Biological_Process_2023,Negative Regulation Of Intrinsic Apoptotic Signaling Pathway (GO:2001243),1/61,0.1391699044024069,0.2237852062790704,0,0,6.906597222222223,13.620222449856575,YBX3
GO_Biological_Process_2023,Negative Regulation Of Kinase Activity (GO:0033673),1/62,0.1412853871962421,0.2262817755095193,0,0,6.793032786885246,13.293784547448324,GNAQ
GO_Biological_Process_2023,Regulation Of Heart Contraction (GO:0008016),1/69,0.1559518351617717,0.2452772875476077,0,0,6.091605392156863,11.319470289022188,SLC8A1
GO_Biological_Process_2023,Negative Regulation Of Epithelial Cell Proliferation (GO:0050680),1/70,0.1580269091413692,0.2452772875476077,0,0,6.003019323671498,11.075510318438736,SPARC
GO_Biological_Process_2023,Sulfur Compound Biosynthetic Process (GO:0044272),1/70,0.1580269091413692,0.2452772875476077,0,0,6.003019323671498,11.075510318438736,ANGPT1
GO_Biological_Process_2023,Protein K48-linked Ubiquitination (GO:0070936),1/70,0.1580269091413692,0.2452772875476077,0,0,6.003019323671498,11.075510318438736,FBXO7
GO_Biological_Process_2023,Regulation Of Notch Signaling Pathway (GO:0008593),1/70,0.1580269091413692,0.2452772875476077,0,0,6.003019323671498,11.075510318438736,GATA2
GO_Biological_Process_2023,Regulation Of Actin Filament Polymerization (GO:0030833),1/70,0.1580269091413692,0.2452772875476077,0,0,6.003019323671498,11.075510318438736,DAAM2
GO_Biological_Process_2023,Regulation Of Actin Filament-Based Process (GO:0032970),1/70,0.1580269091413692,0.2452772875476077,0,0,6.003019323671498,11.075510318438736,DAAM2
GO_Biological_Process_2023,Regulation Of Cellular Biosynthetic Process (GO:0031326),1/70,0.1580269091413692,0.2452772875476077,0,0,6.003019323671498,11.075510318438736,FOXO3
GO_Biological_Process_2023,Cellular Response To Hypoxia (GO:0071456),1/72,0.1621620759393262,0.2497668755847092,0,0,5.833333333333333,10.611760688222162,ANGPT4
GO_Biological_Process_2023,Negative Regulation Of Cell Adhesion (GO:0007162),1/72,0.1621620759393262,0.2497668755847092,0,0,5.833333333333333,10.611760688222162,ANGPT1
GO_Biological_Process_2023,Cellular Response To Decreased Oxygen Levels (GO:0036294),1/73,0.1642221922692394,0.2519745087489857,0,0,5.752025462962963,10.391234958525118,ANGPT4
GO_Biological_Process_2023,Negative Regulation Of Phosphorylation (GO:0042326),1/75,0.1683275495268852,0.2553497166407844,0,0,5.596002252252252,9.97120022915206,PID1
GO_Biological_Process_2023,Regulation Of Plasma Membrane Bounded Cell Projection Assembly (GO:0120032),1/75,0.1683275495268852,0.2553497166407844,0,0,5.596002252252252,9.97120022915206,DAAM2
GO_Biological_Process_2023,Defense Response To Gram-negative Bacterium (GO:0050829),1/75,0.1683275495268852,0.2553497166407844,0,0,5.596002252252252,9.97120022915206,LYPD8
GO_Biological_Process_2023,Transcription Initiation At RNA Polymerase II Promoter (GO:0006367),1/76,0.1703728138367953,0.2574807186556079,0,0,5.521111111111111,9.771075944218463,LINC02218
GO_Biological_Process_2023,Positive Regulation Of Endothelial Cell Proliferation (GO:0001938),1/77,0.1724131507719458,0.2595883393645027,0,0,5.448190789473684,9.57716561300858,GATA2
GO_Biological_Process_2023,Cellular Response To Cytokine Stimulus (GO:0071345),2/308,0.174186764461618,0.2607000964416526,0,0,2.7318870810735643,4.774320160461738,PID1;YBX3
GO_Biological_Process_2023,Negative Regulation Of Protein Modification Process (GO:0031400),1/78,0.1744485719970262,0.2607000964416526,0,0,5.377164502164503,9.389202964039915,PID1
GO_Biological_Process_2023,Regulation Of Cyclin-Dependent Protein Serine/Threonine Kinase Activity (GO:0000079),1/79,0.1764790891137693,0.260825712587262,0,0,5.307959401709402,9.20693629318639,CCNJL
GO_Biological_Process_2023,Positive Regulation Of Protein Modification By Small Protein Conjugation Or Removal (GO:1903322),1/79,0.1764790891137693,0.260825712587262,0,0,5.307959401709402,9.20693629318639,ANGPT1
GO_Biological_Process_2023,Positive Regulation Of Endocytosis (GO:0045807),1/79,0.1764790891137693,0.260825712587262,0,0,5.307959401709402,9.20693629318639,GATA2
GO_Biological_Process_2023,Negative Regulation Of Protein Serine/Threonine Kinase Activity (GO:0071901),1/80,0.1785047136614883,0.2609414359706121,0,0,5.2405063291139244,9.030127496356862,SLC8A1
GO_Biological_Process_2023,Calcium Ion Transmembrane Transport (GO:0070588),1/80,0.1785047136614883,0.2609414359706121,0,0,5.2405063291139244,9.030127496356862,SLC8A1
GO_Biological_Process_2023,Regulation Of Protein Localization To Plasma Membrane (GO:1903076),1/80,0.1785047136614883,0.2609414359706121,0,0,5.2405063291139244,9.030127496356862,PID1
GO_Biological_Process_2023,Activation Of Protein Kinase Activity (GO:0032147),1/81,0.1805254571808771,0.2619900136704426,0,0,5.174739583333333,8.858551175690666,ANGPT1
GO_Biological_Process_2023,Cellular Response To Interleukin-1 (GO:0071347),1/81,0.1805254571808771,0.2619900136704426,0,0,5.174739583333333,8.858551175690666,IL1R1
GO_Biological_Process_2023,Cellular Response To Organic Substance (GO:0071310),1/82,0.1825413312312226,0.2630165417740198,0,0,5.11059670781893,8.691993815929068,PID1
GO_Biological_Process_2023,Sodium Ion Transmembrane Transport (GO:0035725),1/82,0.1825413312312226,0.2630165417740198,0,0,5.11059670781893,8.691993815929068,SLC8A1
GO_Biological_Process_2023,Calcium Ion Transmembrane Import Into Cytosol (GO:0097553),1/83,0.1845523472379876,0.2640215074365517,0,0,5.048018292682927,8.530253028046035,SLC8A1
GO_Biological_Process_2023,Phospholipase C-activating G Protein-Coupled Receptor Signaling Pathway (GO:0007200),1/83,0.1845523472379876,0.2640215074365517,0,0,5.048018292682927,8.530253028046035,GNAQ
GO_Biological_Process_2023,Positive Regulation Of Protein Ubiquitination (GO:0031398),1/84,0.1865585167269207,0.2641151921408981,0,0,4.986947791164659,8.373136839084948,ANGPT1
GO_Biological_Process_2023,Purine Ribonucleotide Metabolic Process (GO:0009150),1/84,0.1865585167269207,0.2641151921408981,0,0,4.986947791164659,8.373136839084948,TPST1
GO_Biological_Process_2023,Positive Regulation Of DNA-templated Transcription (GO:0045893),5/1243,0.1868304907447011,0.2641151921408981,0,0,1.7176714642385078,2.881485845085792,PID1;MAML3;FOXO3;GATA2;KLF1
GO_Biological_Process_2023,Calcium-Mediated Signaling (GO:0019722),1/85,0.1885598511055665,0.2641151921408981,0,0,4.927331349206349,8.220463046913004,SLC8A1
GO_Biological_Process_2023,Response To Interleukin-1 (GO:0070555),1/85,0.1885598511055665,0.2641151921408981,0,0,4.927331349206349,8.220463046913004,IL1R1
GO_Biological_Process_2023,Positive Regulation Of Canonical Wnt Signaling Pathway (GO:0090263),1/85,0.1885598511055665,0.2641151921408981,0,0,4.927331349206349,8.220463046913004,DAAM2
GO_Biological_Process_2023,Protein-Containing Complex Assembly (GO:0065003),2/328,0.1918102699264642,0.267735168439023,0,0,2.561676021407127,4.229963874811036,ANGPT1;REPS2
GO_Biological_Process_2023,Regulation Of Type II Interferon Production (GO:0032649),1/87,0.1925480601766818,0.2678350179620281,0,0,4.8122577519379846,7.927759104072992,IL1R1
GO_Biological_Process_2023,Negative Regulation Of Neuron Death (GO:1901215),1/88,0.1945349576029131,0.2696656998495554,0,0,4.756704980842912,7.78740817211223,FBXO7
GO_Biological_Process_2023,Cellular Response To Chemical Stress (GO:0062197),1/89,0.1965170653943891,0.2696883236687217,0,0,4.7024147727272725,7.650857071596247,FOXO3
GO_Biological_Process_2023,Sodium Ion Transport (GO:0006814),1/89,0.1965170653943891,0.2696883236687217,0,0,4.7024147727272725,7.650857071596247,SLC8A1
GO_Biological_Process_2023,Positive Regulation Of Transcription By RNA Polymerase II (GO:0045944),4/938,0.1965638776988444,0.2696883236687217,0,0,1.809850107066381,2.944205918902352,PID1;MAML3;FOXO3;GATA2
GO_Biological_Process_2023,Regulation Of Epithelial Cell Proliferation (GO:0050678),1/91,0.2004669573314919,0.2731787011771517,0,0,4.597453703703704,7.388594729250947,ANGPT1
GO_Biological_Process_2023,Regulation Of Actin Cytoskeleton Organization (GO:0032956),1/91,0.2004669573314919,0.2731787011771517,0,0,4.597453703703704,7.388594729250947,DAAM2
GO_Biological_Process_2023,Positive Regulation Of Protein Kinase B Signaling (GO:0051897),1/93,0.204397826110705,0.2766596838266108,0,0,4.49705615942029,7.139917855205284,ANGPT1
GO_Biological_Process_2023,Protein O-linked Glycosylation (GO:0006493),1/93,0.204397826110705,0.2766596838266108,0,0,4.49705615942029,7.139917855205284,GALNT14
GO_Biological_Process_2023,Sphingolipid Metabolic Process (GO:0006665),1/94,0.2063561548822489,0.2774420543901809,0,0,4.448476702508961,7.0203710519550615,ST6GALNAC3
GO_Biological_Process_2023,Muscle Contraction (GO:0006936),1/94,0.2063561548822489,0.2774420543901809,0,0,4.448476702508961,7.0203710519550615,SLC8A1
GO_Biological_Process_2023,Regulation Of Protein Metabolic Process (GO:0051246),1/96,0.2102586569950898,0.2817466003734204,0,0,4.3543859649122805,6.790302654401219,FOXO3
GO_Biological_Process_2023,Regulation Of Defense Response (GO:0031347),1/97,0.212202852644482,0.2824686978909993,0,0,4.308810763888889,6.679572779011756,IL1R1
GO_Biological_Process_2023,Monocarboxylic Acid Metabolic Process (GO:0032787),1/97,0.212202852644482,0.2824686978909993,0,0,4.308810763888889,6.679572779011756,VNN1
GO_Biological_Process_2023,MAPK Cascade (GO:0000165),1/98,0.214142359503524,0.2831750938171601,0,0,4.264175257731959,6.571581270407724,PLVAP
GO_Biological_Process_2023,Positive Regulation Of Cold-Induced Thermogenesis (GO:0120162),1/98,0.214142359503524,0.2831750938171601,0,0,4.264175257731959,6.571581270407724,ALPL
GO_Biological_Process_2023,Inorganic Cation Import Across Plasma Membrane (GO:0098659),1/103,0.2237699482990746,0.2939722850203529,0,0,4.054125816993464,6.069580836470219,SLC8A1
GO_Biological_Process_2023,Mitochondrial Gene Expression (GO:0140053),1/103,0.2237699482990746,0.2939722850203529,0,0,4.054125816993464,6.069580836470219,FOXO3
GO_Biological_Process_2023,Regulation Of Transcription By RNA Polymerase II (GO:0006357),7/2028,0.2246675546586415,0.2941900878591983,0,0,1.4786409368299522,2.2078083235500365,PID1;ZNF219;RFX2;MAML3;FOXO3;GATA2;KLF1
GO_Biological_Process_2023,Regulation Of Neuron Apoptotic Process (GO:0043523),1/105,0.2275885477867514,0.2970473902930976,0,0,3.975761217948718,5.884984950634836,FOXO3
GO_Biological_Process_2023,Monoatomic Ion Transport (GO:0006811),1/107,0.2313887434989261,0.3010300158141369,0,0,3.900353773584906,5.708776634262086,SLC8A1
GO_Biological_Process_2023,Positive Regulation Of Metabolic Process (GO:0009893),1/108,0.2332819671059828,0.3015413208250967,0,0,3.863707165109034,5.623654361810044,ALPL
GO_Biological_Process_2023,Positive Regulation Of Translation (GO:0045727),1/108,0.2332819671059828,0.3015413208250967,0,0,3.863707165109034,5.623654361810044,YBX3
GO_Biological_Process_2023,Positive Regulation Of Wnt Signaling Pathway (GO:0030177),1/109,0.235170622282374,0.3029232029972899,0,0,3.827739197530864,5.540438043245476,DAAM2
GO_Biological_Process_2023,Positive Regulation Of Protein Phosphorylation (GO:0001934),2/377,0.2358581157665466,0.3029232029972899,0,0,2.221390070921986,3.208853179274443,ANGPT4;ANGPT1
GO_Biological_Process_2023,Adenylate Cyclase-Activating G Protein-Coupled Receptor Signaling Pathway (GO:0007189),1/110,0.2370547198597219,0.3034904375274146,0,0,3.7924311926605503,5.4590692324491465,GNAQ
GO_Biological_Process_2023,Mitotic Cell Cycle Phase Transition (GO:0044772),1/111,0.2389342705931524,0.304419285127815,0,0,3.757765151515152,5.379491770403333,CCNJL
GO_Biological_Process_2023,Negative Regulation Of Programmed Cell Death (GO:0043069),2/381,0.2394895221673362,0.304419285127815,0,0,2.197496210632684,3.1407618161423603,ANGPT4;ANGPT1
GO_Biological_Process_2023,Calcium Ion Transport (GO:0006816),1/112,0.2408092852503611,0.304419285127815,0,0,3.723723723723724,5.301651675040672,SLC8A1
GO_Biological_Process_2023,Small GTPase Mediated Signal Transduction (GO:0007264),1/112,0.2408092852503611,0.304419285127815,0,0,3.723723723723724,5.301651675040672,RUNDC3A
GO_Biological_Process_2023,Regulation Of Protein Ubiquitination (GO:0031396),1/113,0.2426797745527419,0.3058221610351167,0,0,3.690290178571429,5.225497039560622,ANGPT1
GO_Biological_Process_2023,Regulation Of Cytoskeleton Organization (GO:0051493),1/114,0.2445457491576363,0.3072105973792806,0,0,3.657448377581121,5.150977935724419,DAAM2
GO_Biological_Process_2023,Regulation Of Apoptotic Process (GO:0042981),3/705,0.2485416734860868,0.3112577967022021,0,0,1.7882757339279078,2.4895386698196806,ANGPT4;ANGPT1;FOXO3
GO_Biological_Process_2023,Cellular Response To Oxidative Stress (GO:0034599),1/117,0.2501166914505655,0.3122574843575382,0,0,3.5623204022988504,4.936762304809963,FOXO3
GO_Biological_Process_2023,Regulation Of Small GTPase Mediated Signal Transduction (GO:0051056),1/118,0.2519647137871081,0.3135907583356577,0,0,3.531695156695157,4.868322493782762,ARHGEF40
GO_Biological_Process_2023,Regulation Of Protein Kinase Activity (GO:0045859),1/119,0.2538082745383733,0.3149102665568706,0,0,3.5015889830508478,4.801295201354348,GNAQ
GO_Biological_Process_2023,Neuron Projection Guidance (GO:0097485),1/124,0.2629595230513715,0.3252607023589273,0,0,3.3584010840108403,4.4860015887240845,ARHGEF40
GO_Biological_Process_2023,Protein-Containing Complex Organization (GO:0043933),1/126,0.2665891587198105,0.3269980391404611,0,0,3.304333333333333,4.368482440530503,REPS2
GO_Biological_Process_2023,Cellular Response To Starvation (GO:0009267),1/126,0.2665891587198105,0.3269980391404611,0,0,3.304333333333333,4.368482440530503,FOXO3
GO_Biological_Process_2023,Vesicle-Mediated Transport (GO:0016192),2/411,0.2668043702439583,0.3269980391404611,0,0,2.0331894085210425,2.6863303300359447,REPS2;TMCC1
GO_Biological_Process_2023,Regulation Of Response To External Stimulus (GO:0032101),1/127,0.2683974045277927,0.327950628024841,0,0,3.277943121693122,4.31143448027524,IL1R1
GO_Biological_Process_2023,Protein Targeting (GO:0006605),1/129,0.2720008039629406,0.3313464339184913,0,0,3.226399739583333,4.200611969955875,FBXO7
GO_Biological_Process_2023,Synapse Organization (GO:0050808),1/131,0.2755868158298205,0.3347006041196008,0,0,3.176442307692308,4.093965860472672,CACNB4
GO_Biological_Process_2023,Negative Regulation Of Cell Motility (GO:2000146),1/133,0.2791555222256204,0.3380136142611428,0,0,3.127998737373737,3.991283301124502,FOXO3
GO_Biological_Process_2023,Regulation Of Protein Kinase B Signaling (GO:0051896),1/136,0.2844763130304334,0.3434218553700728,0,0,3.0580246913580247,3.844259007658603,ANGPT1
GO_Biological_Process_2023,Negative Regulation Of Transcription By RNA Polymerase II (GO:0000122),3/763,0.2872267640849945,0.3453280858406249,0,0,1.646824942791762,2.054386542418797,ZNF219;FOXO3;GATA2
GO_Biological_Process_2023,Regulation Of Cell Migration (GO:0030334),2/434,0.2877734048671874,0.3453280858406249,0,0,1.9226753349093773,2.394849591322288,DAAM2;FOXO3
GO_Biological_Process_2023,Intracellular Calcium Ion Homeostasis (GO:0006874),1/139,0.2897586249714423,0.3466754977336899,0,0,2.9910929951690823,3.705087921287284,SLC8A1
GO_Biological_Process_2023,Regulation Of Cell Adhesion (GO:0030155),1/144,0.2984777090044541,0.3560475935305358,0,0,2.885780885780886,3.4890823117534304,ANGPT1
GO_Biological_Process_2023,Regulation Of Cold-Induced Thermogenesis (GO:0120161),1/146,0.301935906875971,0.3575147082738362,0,0,2.845689655172414,3.4078286495466616,ALPL
GO_Biological_Process_2023,Positive Regulation Of Cellular Catabolic Process (GO:0031331),1/146,0.301935906875971,0.3575147082738362,0,0,2.845689655172414,3.4078286495466616,FOXO3
GO_Biological_Process_2023,Protein Glycosylation (GO:0006486),1/147,0.3036587378991768,0.3575147082738362,0,0,2.8260559360730597,3.3682369740854674,GALNT14
GO_Biological_Process_2023,Dephosphorylation (GO:0016311),1/147,0.3036587378991768,0.3575147082738362,0,0,2.8260559360730597,3.3682369740854674,ALPL
GO_Biological_Process_2023,Regulation Of Nucleic Acid-Templated Transcription (GO:1903506),2/452,0.3041543040538606,0.3575147082738362,0,0,1.844066193853428,2.194844699861548,ZNF219;KLF1
GO_Biological_Process_2023,Axon Guidance (GO:0007411),1/149,0.307091913588014,0.358869038553435,0,0,2.78758445945946,3.2910450247821084,ARHGEF40
GO_Biological_Process_2023,Skeletal System Development (GO:0001501),1/149,0.307091913588014,0.358869038553435,0,0,2.78758445945946,3.2910450247821084,ALPL
GO_Biological_Process_2023,Adenylate Cyclase-Modulating G Protein-Coupled Receptor Signaling Pathway (GO:0007188),1/163,0.3306641904153248,0.3838321054240951,0,0,2.5448816872427984,2.816298279306064,GNAQ
GO_Biological_Process_2023,Negative Regulation Of Cell Migration (GO:0030336),1/163,0.3306641904153248,0.3838321054240951,0,0,2.5448816872427984,2.816298279306064,FOXO3
GO_Biological_Process_2023,Negative Regulation Of Apoptotic Process (GO:0043066),2/482,0.3313177626421916,0.3838321054240951,0,0,1.7261524822695036,1.9068415604003408,ANGPT4;ANGPT1
GO_Biological_Process_2023,Membrane Organization (GO:0061024),1/167,0.337253602648243,0.3895860582315911,0,0,2.4830572289156625,2.6988848153456635,TMCC1
GO_Biological_Process_2023,Regulation Of Neuron Projection Development (GO:0010975),1/174,0.3486324945653345,0.4015766842844254,0,0,2.3817437379576107,2.509731348218364,FBXO7
GO_Biological_Process_2023,Positive Regulation Of ERK1 And ERK2 Cascade (GO:0070374),1/179,0.3566428764938795,0.4096298181443988,0,0,2.314255617977528,2.386044622976128,ANGPT1
GO_Biological_Process_2023,Phosphate-Containing Compound Metabolic Process (GO:0006796),1/184,0.3645567344401912,0.4175265163673985,0,0,2.250455373406193,2.2708739566588165,ALPL
GO_Biological_Process_2023,Negative Regulation Of Macromolecule Metabolic Process (GO:0010605),1/186,0.367695506472434,0.4199249818236321,0,0,2.2259009009009008,2.2270140992828584,GATA2
GO_Biological_Process_2023,Positive Regulation Of Intracellular Signal Transduction (GO:1902533),2/525,0.3697565740655574,0.4210825574344308,0,0,1.580733086530247,1.5726877839214972,ANGPT1;RUNDC3A
GO_Biological_Process_2023,Axonogenesis (GO:0007409),1/188,0.3708190893544679,0.4210996438432094,0,0,2.2018716577540105,2.184346884334174,ARHGEF40
GO_Biological_Process_2023,Endocytosis (GO:0006897),1/189,0.3723752074302826,0.4216755870055594,0,0,2.1900487588652484,2.1634469174820667,REPS2
GO_Biological_Process_2023,Intracellular Monoatomic Cation Homeostasis (GO:0030003),1/190,0.3739275551680612,0.4222440370156197,0,0,2.178350970017637,2.142829043149991,SLC8A1
GO_Biological_Process_2023,Modification-Dependent Protein Catabolic Process (GO:0019941),1/192,0.3770209754460539,0.4245446278132035,0,0,2.155322862129145,2.1024192884606947,FBXO7
GO_Biological_Process_2023,Endomembrane System Organization (GO:0010256),1/196,0.3831629644986655,0.4302556193532501,0,0,2.1106837606837607,2.024768136582788,TMCC1
GO_Biological_Process_2023,DNA-templated Transcription (GO:0006351),1/199,0.3877304897677703,0.4329657135740102,0,0,2.078388047138047,1.969157936659925,FOXO3
GO_Biological_Process_2023,Anterograde Trans-Synaptic Signaling (GO:0098916),1/199,0.3877304897677703,0.4329657135740102,0,0,2.078388047138047,1.969157936659925,CACNB4
GO_Biological_Process_2023,Regulation Of Translation (GO:0006417),1/202,0.3922648788623522,0.436815737680514,0,0,2.047056384742952,1.9156721217833612,FOXO3
GO_Biological_Process_2023,Defense Response To Bacterium (GO:0042742),1/204,0.3952695122315171,0.4389457014283698,0,0,2.0266830870279144,1.881141780770528,LYPD8
GO_Biological_Process_2023,Positive Regulation Of Nucleic Acid-Templated Transcription (GO:1903508),2/557,0.3978370153958701,0.4405798352317901,0,0,1.4871382020318191,1.3707144152623465,FOXO3;KLF1
GO_Biological_Process_2023,Protein Stabilization (GO:0050821),1/208,0.4012351883218207,0.4431223783114613,0,0,1.987117552334944,1.8146506900462736,GNAQ
GO_Biological_Process_2023,Proteasomal Protein Catabolic Process (GO:0010498),1/220,0.4187884218036127,0.4612409467535679,0,0,1.8770928462709284,1.6338018034781476,FBXO7
GO_Biological_Process_2023,Positive Regulation Of Cell Motility (GO:2000147),1/221,0.4202282253075736,0.4615621491083185,0,0,1.868465909090909,1.6198802002333907,DAAM2
GO_Biological_Process_2023,Positive Regulation Of Protein Modification Process (GO:0031401),1/225,0.4259525806995662,0.4665747614202333,0,0,1.834728422619048,1.5658072355524135,ANGPT1
GO_Biological_Process_2023,Protein Polyubiquitination (GO:0000209),1/226,0.4273749962880351,0.4668607296407341,0,0,1.8264814814814812,1.552679925155867,FBXO7
GO_Biological_Process_2023,Cellular Response To Lipid (GO:0071396),1/228,0.4302094772587346,0.4674167834000306,0,0,1.8102055800293688,1.526877692093458,PID1
GO_Biological_Process_2023,Cilium Organization (GO:0044782),1/228,0.4302094772587346,0.4674167834000306,0,0,1.8102055800293688,1.526877692093458,RFX2
GO_Biological_Process_2023,Positive Regulation Of Phosphorylation (GO:0042327),1/231,0.4344354459053535,0.4707359818165825,0,0,1.786322463768116,1.489271179113862,ANGPT1
GO_Biological_Process_2023,Regulation Of Inflammatory Response (GO:0050727),1/240,0.4469299774608667,0.4829727175786785,0,0,1.7182705718270572,1.3838149554112422,IL1R1
GO_Biological_Process_2023,Regulation Of Autophagy (GO:0010506),1/241,0.4483014539778944,0.4831559906142455,0,0,1.7110243055555556,1.372736636988373,FOXO3
GO_Biological_Process_2023,Cilium Assembly (GO:0060271),1/243,0.4510344198430527,0.4848017026120514,0,0,1.696711432506887,1.350941364201014,RFX2
GO_Biological_Process_2023,Regulation Of ERK1 And ERK2 Cascade (GO:0070372),1/244,0.4523959249797277,0.4849684315782682,0,0,1.6896433470507544,1.3402209503135194,ANGPT1
GO_Biological_Process_2023,Positive Regulation Of Programmed Cell Death (GO:0043068),1/245,0.4537541222271697,0.4851307370620272,0,0,1.6826331967213115,1.3296164300708784,FOXO3
GO_Biological_Process_2023,Negative Regulation Of DNA-templated Transcription (GO:0045892),3/1025,0.4626498451754232,0.4933295431313531,0,0,1.207925636007828,0.931050701567116,ZNF219;FOXO3;GATA2
GO_Biological_Process_2023,Positive Regulation Of Apoptotic Process (GO:0043065),1/270,0.4866566635138001,0.5175554992924541,0,0,1.5243184634448574,1.0978086813851322,FOXO3
GO_Biological_Process_2023,Positive Regulation Of Cell Migration (GO:0030335),1/272,0.4892033606322606,0.5188678150295964,0,0,1.5129151291512914,1.0816995286824675,DAAM2
GO_Biological_Process_2023,Chemical Synaptic Transmission (GO:0007268),1/273,0.490472063958325,0.5188678150295964,0,0,1.5072763480392155,1.0737640091472012,CACNB4
GO_Biological_Process_2023,Plasma Membrane Bounded Cell Projection Assembly (GO:0120031),1/275,0.4930002168021284,0.5201734570983086,0,0,1.4961222627737227,1.0581259849239646,RFX2
GO_Biological_Process_2023,Monoatomic Cation Transmembrane Transport (GO:0098655),1/281,0.500511173010821,0.5267159464668849,0,0,1.4636160714285715,1.0130057956236431,SLC8A1
GO_Biological_Process_2023,Transmembrane Receptor Protein Tyrosine Kinase Signaling Pathway (GO:0007169),1/284,0.5042256660474921,0.5278612441434682,0,0,1.447879858657244,0.9914087462215204,ANGPT1
GO_Biological_Process_2023,Inorganic Cation Transmembrane Transport (GO:0098662),1/284,0.5042256660474921,0.5278612441434682,0,0,1.447879858657244,0.9914087462215204,SLC8A1
GO_Biological_Process_2023,Regulation Of Intracellular Signal Transduction (GO:1902531),1/297,0.5200115368245155,0.5429730852037797,0,0,1.383375563063063,0.9045952035427076,ARHGEF40
GO_Biological_Process_2023,Positive Regulation Of MAPK Cascade (GO:0043410),1/310,0.5353047075113027,0.5574935036775742,0,0,1.3242988133764833,0.827579685445765,ANGPT1
GO_Biological_Process_2023,Proteasome-Mediated Ubiquitin-Dependent Protein Catabolic Process (GO:0043161),1/319,0.545611603597714,0.5664707328089587,0,0,1.286229035639413,0.7792591667053924,FBXO7
GO_Biological_Process_2023,Positive Regulation Of Cytokine Production (GO:0001819),1/320,0.546742896342975,0.5664707328089587,0,0,1.2821316614420062,0.7741211107137145,IL1R1
GO_Biological_Process_2023,Organelle Assembly (GO:0070925),1/322,0.5489972106461568,0.5673441611304757,0,0,1.2740134994807892,0.7639773790078593,RFX2
GO_Biological_Process_2023,Negative Regulation Of Gene Expression (GO:0010629),1/336,0.5644727666285464,0.5818411594478862,0,0,1.219900497512438,0.6976161288813777,GATA2
GO_Biological_Process_2023,Protein Localization (GO:0008104),1/351,0.5804765215027862,0.59680706302844,0,0,1.1667261904761903,0.6345892866428948,ANGPT1
GO_Biological_Process_2023,Protein Modification By Small Protein Conjugation (GO:0032446),1/364,0.5938793761096961,0.6090293601941271,0,0,1.124196510560147,0.5857952505943199,FBXO7
GO_Biological_Process_2023,Ubiquitin-Dependent Protein Catabolic Process (GO:0006511),1/367,0.5969122607405265,0.6105820071696988,0,0,1.1148110200364298,0.5752259239526991,FBXO7
GO_Biological_Process_2023,Negative Regulation Of Cell Population Proliferation (GO:0008285),1/379,0.6088234772195589,0.6211853752341693,0,0,1.0787588183421517,0.5353091551379526,GATA2
GO_Biological_Process_2023,Positive Regulation Of Multicellular Organismal Process (GO:0051240),1/387,0.6165720101280865,0.6274986027126349,0,0,1.0559693436960276,0.5106458225421808,ALPL
GO_Biological_Process_2023,Cellular Response To Oxygen-Containing Compound (GO:1901701),1/406,0.6343771882475577,0.6439889638270662,0,0,1.005452674897119,0.4575931427220813,PID1
GO_Biological_Process_2023,Organelle Organization (GO:0006996),1/418,0.6452025294779317,0.6533285059197191,0,0,0.9759192645883292,0.4276390504566375,TMCC1
GO_Biological_Process_2023,Protein Ubiquitination (GO:0016567),1/434,0.659149165137474,0.6657737798624738,0,0,0.9390877598152424,0.3914168675394143,FBXO7
GO_Biological_Process_2023,Negative Regulation Of Nucleic Acid-Templated Transcription (GO:1903507),1/456,0.6774523660074845,0.6825459928195708,0,0,0.8926739926739927,0.3476215687172513,ZNF219
GO_Biological_Process_2023,Positive Regulation Of Cell Population Proliferation (GO:0008284),1/483,0.6986032415777861,0.702096257785675,0,0,0.8415024204702628,0.3018236140876465,PID1
GO_Biological_Process_2023,Regulation Of DNA-templated Transcription (GO:0006355),4/1922,0.7055789442748419,0.7073384927643054,0,0,0.8357316649287452,0.291450232389648,ZNF219;RFX2;FOXO3;KLF1
GO_Biological_Process_2023,Negative Regulation Of Cellular Process (GO:0048523),1/537,0.7369093268854613,0.7369093268854613,0,0,0.7546253109452736,0.2303798814171436,ANGPT1
