Gene,HRA_LFC,HRA_sig,RZV_D14,RZV_D74,RZV_D365,Direction
VBP1,0.55,***,-0.2,-0.5,0.1,OPPOSITE (HZ↑ RZV↓)
TRANK1,0.31,***,0.6,0.9,-0.6,CONCORDANT ↑
MRPL20,0.31,***,-0.2,-0.3,-0.0,OPPOSITE (HZ↑ RZV↓)
SEM1,0.41,***,0.4,0.2,0.1,CONCORDANT ↑
ZKSCAN1,0.29,***,1.0,0.5,0.2,CONCORDANT ↑
RPL23A,0.42,***,-0.1,-0.4,-0.3,OPPOSITE (HZ↑ RZV↓)
ASXL1,-0.29,***,0.2,0.3,0.1,OPPOSITE (HZ↓ RZV↑)
MRPL43,0.4,***,0.4,0.2,0.4,CONCORDANT ↑
BATF,0.64,***,0.5,0.3,-0.3,CONCORDANT ↑
ACTG1,1.67,***,-0.4,-0.0,-0.2,OPPOSITE (HZ↑ RZV↓)
WASHC3,0.32,***,1.0,0.7,-0.1,CONCORDANT ↑
PTPN4,0.63,***,-0.6,-0.7,-0.4,OPPOSITE (HZ↑ RZV↓)
SUCLG1,0.5,***,0.3,-0.1,0.0,CONCORDANT ↑
PTPRE,-0.26,***,-0.0,0.0,-0.1,CONCORDANT ↓
RPS21,1.23,***,-0.2,-0.3,-0.2,OPPOSITE (HZ↑ RZV↓)
PPID,0.3,***,0.5,0.4,0.6,CONCORDANT ↑
ITGB1,0.43,***,-0.3,-0.1,0.2,OPPOSITE (HZ↑ RZV↓)
LINC00324,0.32,***,1.1,3.0,1.9,CONCORDANT ↑
ARL4C,-0.84,***,0.1,0.6,0.0,OPPOSITE (HZ↓ RZV↑)
IMP4,-0.39,***,0.0,-0.1,0.4,OPPOSITE (HZ↓ RZV↑)
POLR2K,0.28,***,-0.3,-0.4,0.0,OPPOSITE (HZ↑ RZV↓)
KMT2E,-0.34,***,-0.1,0.2,-0.0,CONCORDANT ↓
RPL19,0.94,***,-0.2,-0.3,-0.2,OPPOSITE (HZ↑ RZV↓)
APRT,-0.28,***,0.1,-0.2,0.0,OPPOSITE (HZ↓ RZV↑)
HMGN2,-0.54,**,0.1,-0.4,0.5,OPPOSITE (HZ↓ RZV↑)
CD69,-1.21,***,-0.9,-0.7,-0.0,CONCORDANT ↓
RPL15P3,0.67,***,-0.0,-0.2,-0.1,OPPOSITE (HZ↑ RZV↓)
TMPO,0.47,***,0.5,-0.5,0.2,CONCORDANT ↑
MED1,0.3,***,-0.6,0.0,-0.8,OPPOSITE (HZ↑ RZV↓)
PTBP3,0.68,***,0.1,0.2,-0.0,CONCORDANT ↑
TRAF3IP3,0.32,***,2.9,3.2,1.4,CONCORDANT ↑
PTGDR,0.46,***,-2.8,-4.8,0.9,OPPOSITE (HZ↑ RZV↓)
ZBTB38,0.57,***,1.5,1.7,1.3,CONCORDANT ↑
NPAT,0.51,***,-0.5,-0.6,-0.4,OPPOSITE (HZ↑ RZV↓)
NDUFB1,0.32,***,0.4,0.4,0.3,CONCORDANT ↑
CHCHD3,-1.86,***,-0.1,-0.5,0.2,CONCORDANT ↓
CD8B,0.28,***,1.5,0.6,-0.4,CONCORDANT ↑
PLIN2,-0.43,***,0.2,0.3,0.3,OPPOSITE (HZ↓ RZV↑)
LIMA1,0.29,***,2.0,1.9,0.6,CONCORDANT ↑
LAX1,0.34,***,0.7,0.9,-0.2,CONCORDANT ↑
CBX3,0.26,***,0.4,0.1,0.2,CONCORDANT ↑
C12orf57,0.62,***,-0.1,-0.4,-0.4,OPPOSITE (HZ↑ RZV↓)
SUMO2,1.88,***,-0.0,-0.2,-0.1,OPPOSITE (HZ↑ RZV↓)
RBFOX2,-1.92,***,-1.6,-3.1,-1.3,CONCORDANT ↓
NDUFB4,0.5,***,-0.1,-0.1,-0.1,OPPOSITE (HZ↑ RZV↓)
ACAA1,-0.29,***,0.3,0.3,0.4,OPPOSITE (HZ↓ RZV↑)
URI1,-0.45,***,0.2,-0.1,-0.3,OPPOSITE (HZ↓ RZV↑)
SNRNP27,0.44,***,-0.3,-0.5,0.4,OPPOSITE (HZ↑ RZV↓)
DNAJB6,-0.49,*,0.1,0.1,0.3,OPPOSITE (HZ↓ RZV↑)
RBM26,0.34,***,-0.4,-0.3,-0.5,OPPOSITE (HZ↑ RZV↓)
BTN3A1,0.34,***,1.2,1.3,0.4,CONCORDANT ↑
POLR2L,0.34,***,-0.1,-0.2,0.1,OPPOSITE (HZ↑ RZV↓)
ZC3H14,0.38,***,1.4,1.0,0.5,CONCORDANT ↑
POLR2E,-0.3,***,0.1,-0.0,0.4,OPPOSITE (HZ↓ RZV↑)
MTPN,0.95,***,-0.2,-0.0,-0.4,OPPOSITE (HZ↑ RZV↓)
CXCR4,-1.33,***,-1.5,-0.9,-0.4,CONCORDANT ↓
MLH3,0.28,***,0.6,0.2,0.2,CONCORDANT ↑
KDM2A,-0.26,***,0.3,0.4,-0.1,OPPOSITE (HZ↓ RZV↑)
WBP11,-0.31,***,-0.4,-0.5,0.2,CONCORDANT ↓
NFE2L2,-0.26,***,0.0,-0.2,0.1,OPPOSITE (HZ↓ RZV↑)
PBXIP1,-0.35,***,1.1,1.5,0.3,OPPOSITE (HZ↓ RZV↑)
SVIP,-0.46,***,-0.6,-0.9,0.4,CONCORDANT ↓
SEPHS2,0.3,***,1.6,1.3,1.2,CONCORDANT ↑
MT-CO3,-0.48,***,-0.3,-0.3,-0.2,CONCORDANT ↓
RAB11A,0.3,***,0.0,-0.2,0.1,CONCORDANT ↑
DOCK8,0.28,***,0.0,0.2,-0.7,CONCORDANT ↑
TGFB1,-1.08,***,-0.9,-0.2,-0.1,CONCORDANT ↓
ARHGEF3,0.63,***,-0.0,-0.1,-0.4,OPPOSITE (HZ↑ RZV↓)
RPL7L1,0.27,***,0.1,-0.1,-0.0,CONCORDANT ↑
ARL8A,-0.31,***,-0.4,0.0,-0.3,CONCORDANT ↓
DBI,0.29,***,0.5,0.2,0.4,CONCORDANT ↑
SDF4,-0.29,***,0.3,0.0,0.1,OPPOSITE (HZ↓ RZV↑)
SRSF3,0.75,***,-0.2,-0.3,0.2,OPPOSITE (HZ↑ RZV↓)
WASHC4,0.32,***,0.2,0.4,0.2,CONCORDANT ↑
ATP5F1A,0.52,***,0.3,0.1,0.2,CONCORDANT ↑
SLC25A3,0.62,***,-0.0,-0.0,-0.0,OPPOSITE (HZ↑ RZV↓)
TRAC,1.15,***,-0.3,-0.4,-0.2,OPPOSITE (HZ↑ RZV↓)
ISG20,-0.37,***,-0.2,-0.1,-0.0,CONCORDANT ↓
GIMAP4,1.9,***,0.0,-0.2,-0.9,CONCORDANT ↑
RNF5,0.32,***,0.1,0.2,0.5,CONCORDANT ↑
RPL6P27,0.56,***,0.0,-0.1,-0.5,CONCORDANT ↑
RBL2,0.8,***,0.5,0.5,0.2,CONCORDANT ↑
BST2,0.36,***,0.3,-0.0,0.7,CONCORDANT ↑
ANKLE2,-0.43,*,0.3,0.3,0.2,OPPOSITE (HZ↓ RZV↑)
CTNNBL1,-0.39,***,0.0,-0.2,0.4,OPPOSITE (HZ↓ RZV↑)
USO1,0.32,***,0.0,0.3,-0.1,CONCORDANT ↑
RPS20,1.04,***,-0.3,-0.5,-0.3,OPPOSITE (HZ↑ RZV↓)
POLR2G,0.46,***,0.2,-0.0,0.2,CONCORDANT ↑
NAMPT,-1.69,***,0.1,0.2,-0.0,OPPOSITE (HZ↓ RZV↑)
CEBPB,-1.27,***,-0.4,0.1,0.4,CONCORDANT ↓
GBP4,0.78,***,-0.3,-0.7,-0.4,OPPOSITE (HZ↑ RZV↓)
ACTR2,0.97,***,0.4,0.4,0.1,CONCORDANT ↑
JAGN1,0.31,***,0.2,0.3,0.0,CONCORDANT ↑
SACM1L,0.7,***,0.4,0.3,0.7,CONCORDANT ↑
ARL6IP5,0.4,***,0.7,0.5,0.1,CONCORDANT ↑
TOB2,0.25,***,0.0,0.3,-0.1,CONCORDANT ↑
VDAC1,0.42,***,-0.3,-0.5,-0.0,OPPOSITE (HZ↑ RZV↓)
METRNL,-1.09,***,-2.0,-1.3,-0.6,CONCORDANT ↓
PRKCH,0.53,***,-0.3,-0.2,-0.2,OPPOSITE (HZ↑ RZV↓)
MTIF3,0.48,***,0.9,0.9,0.8,CONCORDANT ↑
RAB5A,-0.34,***,0.3,0.4,0.3,OPPOSITE (HZ↓ RZV↑)
COPB2,0.49,***,0.1,-0.2,0.2,CONCORDANT ↑
AMBRA1,-3.4,***,1.3,1.4,-0.2,OPPOSITE (HZ↓ RZV↑)
SKA2,0.35,***,1.0,1.9,-0.5,CONCORDANT ↑
CFL1,0.27,***,-0.2,-0.2,0.0,OPPOSITE (HZ↑ RZV↓)
TPM3,0.32,***,-0.0,0.2,0.2,OPPOSITE (HZ↑ RZV↓)
ICE2,0.38,***,0.5,0.2,0.2,CONCORDANT ↑
NDUFV1,-0.37,***,0.3,0.5,0.2,OPPOSITE (HZ↓ RZV↑)
PTMA,-1.03,***,-0.4,-0.4,-0.2,CONCORDANT ↓
USP24,0.33,***,0.5,0.3,0.3,CONCORDANT ↑
RABAC1,-0.26,***,-0.3,-0.0,-0.1,CONCORDANT ↓
TUBB,0.54,***,-1.5,-1.3,-0.5,OPPOSITE (HZ↑ RZV↓)
MORC3,0.31,***,-0.5,-0.4,0.4,OPPOSITE (HZ↑ RZV↓)
IL10RA,0.39,***,-0.9,0.2,-1.6,OPPOSITE (HZ↑ RZV↓)
CALR,-1.07,***,0.0,-0.0,0.3,OPPOSITE (HZ↓ RZV↑)
ARPC2,0.28,***,0.2,0.3,0.2,CONCORDANT ↑
RPL6,0.85,***,0.0,-0.1,0.1,CONCORDANT ↑
BAZ1B,0.34,***,0.0,-0.0,-0.2,CONCORDANT ↑
DDOST,-0.47,*,-0.1,-0.1,0.3,CONCORDANT ↓
PARK7,0.3,***,0.1,-0.0,0.1,CONCORDANT ↑
PKM,-0.42,***,-0.1,-0.3,-0.2,CONCORDANT ↓
SARAF,-0.28,***,0.0,0.2,0.1,OPPOSITE (HZ↓ RZV↑)
MYDGF,-0.36,***,-0.1,-0.1,0.4,CONCORDANT ↓
DDX23,0.32,***,-0.3,-0.1,-0.1,OPPOSITE (HZ↑ RZV↓)
IMP3,0.29,***,-0.0,0.0,-0.0,OPPOSITE (HZ↑ RZV↓)
USP34,0.41,***,-0.2,0.1,-0.3,OPPOSITE (HZ↑ RZV↓)
AK6,0.42,***,-0.1,-0.2,0.1,OPPOSITE (HZ↑ RZV↓)
GIMAP8,0.55,***,1.7,0.3,-2.2,CONCORDANT ↑
GTF2H5,0.56,***,0.6,0.1,-0.3,CONCORDANT ↑
SCAND1,-0.26,***,0.1,0.1,0.1,OPPOSITE (HZ↓ RZV↑)
IAH1,0.37,***,0.1,0.2,0.2,CONCORDANT ↑
HSPA8,1.16,***,-0.3,-0.5,-0.2,OPPOSITE (HZ↑ RZV↓)
ME2,0.45,***,0.4,0.2,-0.0,CONCORDANT ↑
NDUFC1,0.25,***,0.3,-0.0,-0.1,CONCORDANT ↑
ST6GAL1,0.63,***,1.5,1.6,0.0,CONCORDANT ↑
CD63,0.46,***,-1.0,-0.8,0.4,OPPOSITE (HZ↑ RZV↓)
FOS,-1.47,***,-0.1,-0.6,1.6,CONCORDANT ↓
USP14,0.26,***,-0.4,-0.6,-0.4,OPPOSITE (HZ↑ RZV↓)
ABCE1,0.31,***,0.1,0.0,-0.1,CONCORDANT ↑
AHNAK,1.09,***,-0.2,0.8,-0.3,OPPOSITE (HZ↑ RZV↓)
LBH,0.54,***,0.3,0.2,-0.5,CONCORDANT ↑
YPEL5,-0.53,**,0.6,0.4,0.5,OPPOSITE (HZ↓ RZV↑)
ZMAT2,0.51,***,0.4,0.2,0.1,CONCORDANT ↑
TRAM1,0.31,***,-0.2,-0.1,0.4,OPPOSITE (HZ↑ RZV↓)
BAIAP2L1,-2.32,***,-1.3,-1.8,0.5,CONCORDANT ↓
RPLP0,0.47,***,-0.2,-0.3,-0.1,OPPOSITE (HZ↑ RZV↓)
EIF6,1.0,***,0.2,0.0,0.1,CONCORDANT ↑
GUK1,-0.41,***,-0.0,0.0,0.1,CONCORDANT ↓
RPL9,2.78,***,-0.2,-0.1,-0.1,OPPOSITE (HZ↑ RZV↓)
STK17A,0.29,***,-0.6,-0.7,-0.0,OPPOSITE (HZ↑ RZV↓)
MED11,0.33,***,0.2,-0.2,0.1,CONCORDANT ↑
ATP2B4,0.68,***,1.3,1.4,0.5,CONCORDANT ↑
TC2N,0.42,***,-0.6,0.3,-0.2,OPPOSITE (HZ↑ RZV↓)
UBE2N,0.39,***,-0.2,-0.3,-0.1,OPPOSITE (HZ↑ RZV↓)
TRIM38,0.39,***,0.0,-0.7,0.4,CONCORDANT ↑
PIM1,0.29,***,0.1,0.2,-0.4,CONCORDANT ↑
ECI2,0.28,***,0.1,-0.4,0.8,CONCORDANT ↑
SEC61B,0.26,***,-0.2,-0.3,-0.1,OPPOSITE (HZ↑ RZV↓)
CCT6A,0.35,***,-0.1,-0.2,0.0,OPPOSITE (HZ↑ RZV↓)
SLC25A37,-0.74,*,-0.4,-0.5,-0.9,CONCORDANT ↓
AHSA1,0.29,***,0.2,0.1,-0.0,CONCORDANT ↑
RBM8A,-0.42,***,-0.3,-0.2,0.0,CONCORDANT ↓
NIFK,0.36,***,0.1,-0.2,0.0,CONCORDANT ↑
CRIPT,0.41,***,1.3,0.7,1.2,CONCORDANT ↑
SYTL2,0.28,***,-0.2,3.2,1.5,OPPOSITE (HZ↑ RZV↓)
PHB2,0.43,***,0.1,-0.2,0.1,CONCORDANT ↑
SBNO1,0.27,***,-0.0,-0.1,-0.2,OPPOSITE (HZ↑ RZV↓)
COA6,0.41,***,0.7,0.4,0.0,CONCORDANT ↑
APOBEC3G,0.88,***,-0.4,-0.1,0.3,OPPOSITE (HZ↑ RZV↓)
PRKDC,0.3,***,-0.1,0.1,-0.3,OPPOSITE (HZ↑ RZV↓)
G3BP1,0.54,***,-0.2,-0.4,-0.3,OPPOSITE (HZ↑ RZV↓)
BIRC3,0.29,***,-0.5,-0.7,-0.3,OPPOSITE (HZ↑ RZV↓)
HSPH1,0.38,***,-0.3,-0.3,-0.3,OPPOSITE (HZ↑ RZV↓)
SRP19,-0.26,***,0.1,-0.0,0.3,OPPOSITE (HZ↓ RZV↑)
WSB1,0.36,***,0.1,0.4,0.3,CONCORDANT ↑
ZFAND2B,-0.31,***,0.7,0.5,0.9,OPPOSITE (HZ↓ RZV↑)
GNPTG,-0.28,***,0.0,-0.1,0.4,OPPOSITE (HZ↓ RZV↑)
DUSP2,-2.76,***,-0.0,-0.4,-0.3,CONCORDANT ↓
EPS15,0.36,***,0.2,0.9,0.3,CONCORDANT ↑
CALM3,-0.28,***,0.4,0.0,0.5,OPPOSITE (HZ↓ RZV↑)
TSR2,-0.43,***,-0.2,-0.3,0.4,CONCORDANT ↓
ACADVL,-0.29,***,0.0,0.3,1.2,OPPOSITE (HZ↓ RZV↑)
NDUFS4,0.33,***,0.1,0.1,0.2,CONCORDANT ↑
RAP1A,0.36,***,0.3,0.1,0.1,CONCORDANT ↑
TMEM9B,-0.31,***,1.3,1.0,1.1,OPPOSITE (HZ↓ RZV↑)
DDX39A,-0.35,***,-0.3,-0.3,-0.1,CONCORDANT ↓
ZDHHC20,0.38,***,-0.1,0.1,0.0,OPPOSITE (HZ↑ RZV↓)
RPL3,1.07,***,-0.5,-0.4,-0.2,OPPOSITE (HZ↑ RZV↓)
PMAIP1,-0.93,***,-0.6,-0.4,-0.1,CONCORDANT ↓
CAMLG,-0.5,**,0.5,-0.0,0.3,OPPOSITE (HZ↓ RZV↑)
OGA,-1.28,***,0.9,0.8,0.6,OPPOSITE (HZ↓ RZV↑)
XRCC5,0.42,***,-0.3,-0.4,-0.2,OPPOSITE (HZ↑ RZV↓)
SMDT1,-0.28,***,-0.0,-0.2,-0.1,CONCORDANT ↓
OSTF1,0.28,***,0.8,0.6,0.5,CONCORDANT ↑
RPS28,0.99,***,-0.2,-0.5,0.1,OPPOSITE (HZ↑ RZV↓)
UPF3A,-0.31,***,1.4,0.6,0.5,OPPOSITE (HZ↓ RZV↑)
PTGES3,0.65,***,-0.2,-0.5,-0.0,OPPOSITE (HZ↑ RZV↓)
MUS81,0.36,***,2.3,2.4,2.3,CONCORDANT ↑
MGST3,0.45,***,-1.1,-0.5,-0.3,OPPOSITE (HZ↑ RZV↓)
MAP3K8,-1.32,***,0.3,0.3,0.5,OPPOSITE (HZ↓ RZV↑)
TNRC6B,-0.27,***,0.1,0.0,-0.6,OPPOSITE (HZ↓ RZV↑)
MT-ATP6,-0.34,***,-0.4,-0.2,-0.1,CONCORDANT ↓
ACTR3,1.11,***,0.1,0.0,0.1,CONCORDANT ↑
OCIAD2,-0.27,***,0.5,0.9,0.0,OPPOSITE (HZ↓ RZV↑)
NSA2,0.6,***,0.2,-0.1,0.0,CONCORDANT ↑
EEF1B2,0.77,***,-0.3,-0.3,-0.2,OPPOSITE (HZ↑ RZV↓)
EIF4H,-0.33,***,-0.3,-0.0,-0.2,CONCORDANT ↓
TGOLN2,0.39,***,0.6,0.6,-0.1,CONCORDANT ↑
S1PR1,0.5,***,-1.3,-0.7,-0.7,OPPOSITE (HZ↑ RZV↓)
FNTA,0.38,***,0.1,0.2,0.2,CONCORDANT ↑
RPS3,1.07,***,-0.3,-0.4,-0.2,OPPOSITE (HZ↑ RZV↓)
PTPN6,0.3,***,-0.2,-0.2,-0.7,OPPOSITE (HZ↑ RZV↓)
PSMB6,-0.31,***,-0.1,-0.1,0.1,CONCORDANT ↓
UBLCP1,0.56,***,0.2,0.1,0.3,CONCORDANT ↑
CAMTA1,-0.29,***,0.0,-0.2,0.1,OPPOSITE (HZ↓ RZV↑)
NUP50,0.27,***,-0.0,0.1,-0.0,OPPOSITE (HZ↑ RZV↓)
YY1,-0.27,***,0.2,-0.0,-0.6,OPPOSITE (HZ↓ RZV↑)
OTUD5,-0.27,***,1.0,0.6,1.0,OPPOSITE (HZ↓ RZV↑)
MGAT4A,-0.96,***,-0.8,-0.4,-0.4,CONCORDANT ↓
COPZ1,0.35,***,0.5,0.1,0.5,CONCORDANT ↑
PLEKHF1,0.31,***,7.2,4.9,5.4,CONCORDANT ↑
ARHGAP4,0.41,***,1.3,0.1,-3.8,CONCORDANT ↑
SPCS2,0.41,***,-0.1,-0.2,0.2,OPPOSITE (HZ↑ RZV↓)
IDI1,-0.26,***,-0.2,-0.2,0.2,CONCORDANT ↓
METTL5,0.29,***,-0.1,-0.1,0.1,OPPOSITE (HZ↑ RZV↓)
ERAP1,0.26,***,0.1,0.2,0.4,CONCORDANT ↑
ELF1,-0.29,***,-0.5,-0.4,-0.2,CONCORDANT ↓
SCP2,0.33,***,0.0,0.1,0.3,CONCORDANT ↑
CCNH,-0.29,***,-0.0,-0.4,0.1,CONCORDANT ↓
PRR5L,0.47,***,0.7,1.1,-0.4,CONCORDANT ↑
XRN1,0.37,***,0.2,0.3,0.4,CONCORDANT ↑
SAT1,-0.97,***,0.0,-0.1,0.0,OPPOSITE (HZ↓ RZV↑)
DYNC1H1,0.58,***,0.0,-0.1,-0.1,CONCORDANT ↑
SEC11A,0.34,***,1.0,1.1,0.9,CONCORDANT ↑
LTB,-0.35,***,0.3,-0.3,-0.3,OPPOSITE (HZ↓ RZV↑)
CTSW,-0.96,***,-2.1,-2.8,-2.7,CONCORDANT ↓
NDUFB3,0.71,***,0.2,-0.1,0.2,CONCORDANT ↑
HLA-DPA1,0.3,***,-0.6,0.3,0.0,OPPOSITE (HZ↑ RZV↓)
MRPL52,0.55,***,-0.1,-0.2,-0.1,OPPOSITE (HZ↑ RZV↓)
EHBP1L1,-0.44,***,0.0,0.5,-0.5,OPPOSITE (HZ↓ RZV↑)
PLEK,1.26,***,-0.8,-0.9,-0.2,OPPOSITE (HZ↑ RZV↓)
AATF,-0.26,***,0.4,0.2,0.3,OPPOSITE (HZ↓ RZV↑)
TGFBR1,0.38,***,-0.5,-0.3,0.1,OPPOSITE (HZ↑ RZV↓)
GDI2,0.6,***,-0.2,-0.3,-0.0,OPPOSITE (HZ↑ RZV↓)
ISG15,-0.37,***,0.1,-0.4,-0.1,OPPOSITE (HZ↓ RZV↑)
COA4,0.28,***,-0.2,-0.1,-0.3,OPPOSITE (HZ↑ RZV↓)
UQCRFS1,-0.38,***,0.3,0.2,-0.1,OPPOSITE (HZ↓ RZV↑)
NFATC2,0.33,***,1.3,1.4,0.3,CONCORDANT ↑
ITGA4,-0.32,***,0.9,1.1,0.2,OPPOSITE (HZ↓ RZV↑)
RBX1,0.6,***,0.1,0.0,-0.2,CONCORDANT ↑
IL7R,0.65,***,-1.2,-0.7,-1.0,OPPOSITE (HZ↑ RZV↓)
HSP90AA1,0.68,***,-0.2,-0.3,-0.3,OPPOSITE (HZ↑ RZV↓)
PPIA,0.9,***,-0.3,-0.3,-0.1,OPPOSITE (HZ↑ RZV↓)
SUMO3,-0.34,***,0.2,0.2,0.1,OPPOSITE (HZ↓ RZV↑)
HMGB1,-0.4,*,-0.3,-0.3,0.3,CONCORDANT ↓
PDHA1,0.3,***,0.2,0.0,0.2,CONCORDANT ↑
KDELR1,0.34,***,-0.1,-0.4,-0.4,OPPOSITE (HZ↑ RZV↓)
NMT1,-0.25,***,-0.2,-0.0,0.2,CONCORDANT ↓
MYL12A,0.52,***,-0.3,-0.5,0.1,OPPOSITE (HZ↑ RZV↓)
HADHA,0.4,***,0.5,0.7,0.2,CONCORDANT ↑
EIF4A2,0.47,***,-0.2,-0.3,0.3,OPPOSITE (HZ↑ RZV↓)
UQCRC2,0.32,***,0.5,0.3,0.1,CONCORDANT ↑
LUC7L3,0.25,***,0.1,-0.0,0.0,CONCORDANT ↑
GOPC,0.39,***,0.3,0.5,0.4,CONCORDANT ↑
CD164,0.62,***,0.2,0.3,0.4,CONCORDANT ↑
LAPTM4A,-0.35,***,-0.1,-0.3,0.2,CONCORDANT ↓
PARP9,0.34,***,-0.6,-1.1,-0.9,OPPOSITE (HZ↑ RZV↓)
GRK6,-0.38,***,0.4,0.3,0.6,OPPOSITE (HZ↓ RZV↑)
TMC8,-0.28,***,0.5,-0.1,-1.0,OPPOSITE (HZ↓ RZV↑)
BCL7C,0.74,***,0.3,0.9,1.2,CONCORDANT ↑
SAMD9,0.77,***,-0.5,-0.1,0.3,OPPOSITE (HZ↑ RZV↓)
ANKRD49,-0.28,***,0.7,0.3,0.6,OPPOSITE (HZ↓ RZV↑)
IL2RB,0.28,***,-0.9,0.1,-1.6,OPPOSITE (HZ↑ RZV↓)
CREB1,-0.35,***,0.3,0.0,0.2,OPPOSITE (HZ↓ RZV↑)
EIF3E,0.46,***,0.0,-0.1,0.0,CONCORDANT ↑
LNPEP,0.74,***,0.7,0.6,0.5,CONCORDANT ↑
MALAT1,-0.93,***,-0.5,-0.4,-0.3,CONCORDANT ↓
RESF1,-1.19,***,-0.1,-0.1,0.1,CONCORDANT ↓
CIB1,0.26,***,0.1,0.1,0.0,CONCORDANT ↑
ZNF428,-0.29,***,0.3,0.1,0.2,OPPOSITE (HZ↓ RZV↑)
RPLP1,0.42,***,-0.1,-0.2,-0.3,OPPOSITE (HZ↑ RZV↓)
YWHAE,0.27,***,0.1,-0.0,0.1,CONCORDANT ↑
EMC10,-0.34,***,-0.4,-0.3,-1.0,CONCORDANT ↓
SOAT1,0.34,***,-0.3,-0.2,-0.1,OPPOSITE (HZ↑ RZV↓)
ST3GAL5,-0.44,***,0.3,0.2,0.8,OPPOSITE (HZ↓ RZV↑)
RTRAF,0.41,***,0.1,-0.2,0.1,CONCORDANT ↑
MT-CYB,-0.71,***,-0.4,-0.3,-0.2,CONCORDANT ↓
XCL2,0.48,***,-1.7,-1.6,-0.0,OPPOSITE (HZ↑ RZV↓)
EOMES,0.43,***,2.0,2.7,0.8,CONCORDANT ↑
TM9SF2,0.33,***,0.4,0.3,0.1,CONCORDANT ↑
RPS25,0.68,***,-0.2,-0.3,-0.1,OPPOSITE (HZ↑ RZV↓)
SIT1,0.57,***,0.0,-0.6,0.4,CONCORDANT ↑
RPS13,0.6,***,-0.2,-0.3,-0.2,OPPOSITE (HZ↑ RZV↓)
TOB1,-0.28,***,0.1,-0.4,0.1,OPPOSITE (HZ↓ RZV↑)
PJA2,0.37,***,-0.3,-0.3,0.4,OPPOSITE (HZ↑ RZV↓)
DAZAP2,-1.09,***,0.0,-0.0,0.2,OPPOSITE (HZ↓ RZV↑)
CD84,0.5,***,-0.5,-0.4,-0.3,OPPOSITE (HZ↑ RZV↓)
GZMA,0.8,***,2.7,3.7,1.7,CONCORDANT ↑
PDCD4,0.37,***,-0.5,-0.7,-0.0,OPPOSITE (HZ↑ RZV↓)
SAFB,0.34,***,0.2,0.5,0.1,CONCORDANT ↑
BNIP2,0.33,***,-0.2,-0.1,0.1,OPPOSITE (HZ↑ RZV↓)
RAPGEF1,-0.33,**,1.0,1.1,0.8,OPPOSITE (HZ↓ RZV↑)
PTP4A2,2.1,***,0.1,0.2,-0.0,CONCORDANT ↑
TRIR,0.31,***,-0.0,-0.3,0.1,OPPOSITE (HZ↑ RZV↓)
CCNG1,0.25,***,0.3,0.5,0.8,CONCORDANT ↑
MED15,-0.35,***,0.8,0.6,0.3,OPPOSITE (HZ↓ RZV↑)
KRAS,0.52,***,0.0,-0.0,-0.0,CONCORDANT ↑
ENPP4,0.4,***,-1.1,-1.2,-0.5,OPPOSITE (HZ↑ RZV↓)
RBM5,0.36,***,0.1,0.3,-0.3,CONCORDANT ↑
CNOT6L,0.35,***,0.4,0.7,-0.6,CONCORDANT ↑
BRD4,-0.49,**,0.4,0.6,0.0,OPPOSITE (HZ↓ RZV↑)
BCAP29,0.67,***,0.1,-0.1,0.5,CONCORDANT ↑
FAM32A,-0.39,***,0.6,0.3,0.5,OPPOSITE (HZ↓ RZV↑)
GCLM,0.3,***,-0.7,-0.5,-0.5,OPPOSITE (HZ↑ RZV↓)
DDIT4,-1.5,***,-2.1,-1.8,-1.6,CONCORDANT ↓
SAMHD1,0.92,***,0.4,0.6,0.5,CONCORDANT ↑
TPT1,1.31,***,-0.3,-0.3,-0.3,OPPOSITE (HZ↑ RZV↓)
NCK1,0.37,***,-0.1,-0.0,0.2,OPPOSITE (HZ↑ RZV↓)
AZI2,0.27,***,-0.1,0.3,0.2,OPPOSITE (HZ↑ RZV↓)
H1-3,-1.73,***,3.2,2.5,3.7,OPPOSITE (HZ↓ RZV↑)
NDUFAF3,0.47,***,-0.7,-0.9,-0.3,OPPOSITE (HZ↑ RZV↓)
MT1F,0.36,***,3.6,1.4,-0.9,CONCORDANT ↑
CTDNEP1,0.69,***,-0.2,-0.1,-0.1,OPPOSITE (HZ↑ RZV↓)
RPL28,0.71,***,-0.2,-0.4,-0.2,OPPOSITE (HZ↑ RZV↓)
GLOD4,0.29,***,0.4,0.2,0.2,CONCORDANT ↑
CDC5L,0.34,***,-0.2,-0.1,-0.1,OPPOSITE (HZ↑ RZV↓)
TRIM56,0.25,***,0.6,0.6,-0.2,CONCORDANT ↑
SMC1A,0.29,***,-0.4,-0.3,-0.2,OPPOSITE (HZ↑ RZV↓)
GLUL,-0.79,*,-1.3,-1.8,-1.1,CONCORDANT ↓
KRT10,-0.39,***,-0.2,-0.3,0.0,CONCORDANT ↓
PSMB2,0.49,***,0.1,-0.0,0.2,CONCORDANT ↑
SERINC1,0.3,***,0.1,0.3,0.3,CONCORDANT ↑
CHD2,0.29,***,-0.4,-0.1,-0.2,OPPOSITE (HZ↑ RZV↓)
DPP7,-0.54,**,0.6,0.8,0.8,OPPOSITE (HZ↓ RZV↑)
MPLKIP,0.38,***,0.1,-0.0,0.1,CONCORDANT ↑
AP1S2,0.26,***,0.5,0.2,0.2,CONCORDANT ↑
DCTN1,0.5,***,0.1,0.3,0.3,CONCORDANT ↑
TMEM259,-0.33,**,0.3,0.3,0.5,OPPOSITE (HZ↓ RZV↑)
GRK2,-0.45,ns,-0.7,-1.3,0.2,CONCORDANT ↓
LCP1,0.65,***,-0.0,0.1,-0.2,OPPOSITE (HZ↑ RZV↓)
BTN3A3,0.35,***,0.9,4.5,1.8,CONCORDANT ↑
ERGIC2,0.4,***,0.2,0.1,0.3,CONCORDANT ↑
SDHAF3,0.26,***,-0.0,-0.3,-0.3,OPPOSITE (HZ↑ RZV↓)
BCL7B,-0.33,***,-0.1,-0.3,0.2,CONCORDANT ↓
ITGB7,-0.36,***,-0.8,1.1,-0.3,CONCORDANT ↓
RPS3A,1.22,***,-0.5,-0.1,-0.3,OPPOSITE (HZ↑ RZV↓)
SDHC,0.29,***,0.1,0.0,-0.1,CONCORDANT ↑
UBE2E3,-0.29,***,0.1,-0.1,-0.1,OPPOSITE (HZ↓ RZV↑)
PRKAR1A,0.37,***,-0.0,-0.1,0.1,OPPOSITE (HZ↑ RZV↓)
DDX24,-0.44,***,-0.1,-0.3,-0.1,CONCORDANT ↓
MT-ND4L,-0.92,***,-0.5,-0.3,0.0,CONCORDANT ↓
CCDC47,0.29,***,-0.4,-0.4,-0.1,OPPOSITE (HZ↑ RZV↓)
ARHGAP25,0.26,***,1.9,1.6,0.7,CONCORDANT ↑
RPL13,0.28,***,-0.2,-0.3,-0.1,OPPOSITE (HZ↑ RZV↓)
PPP1CC,0.27,***,0.8,0.6,0.3,CONCORDANT ↑
EPSTI1,0.34,***,0.4,-0.1,-0.0,CONCORDANT ↑
NDUFS7,0.29,***,0.5,0.4,0.1,CONCORDANT ↑
CIAO2B,-1.42,***,-0.2,-0.3,-0.1,CONCORDANT ↓
TAF15,0.83,***,0.0,0.7,-0.2,CONCORDANT ↑
TSEN54,-0.5,*,-0.4,-0.8,0.1,CONCORDANT ↓
USP28,0.6,***,-1.0,-1.4,-0.7,OPPOSITE (HZ↑ RZV↓)
CAPRIN1,0.31,***,-0.2,-0.2,-0.3,OPPOSITE (HZ↑ RZV↓)
EWSR1,-0.28,***,0.1,0.2,0.3,OPPOSITE (HZ↓ RZV↑)
ARHGDIB,-0.28,**,0.3,0.5,-0.5,OPPOSITE (HZ↓ RZV↑)
PDCD6IP,0.32,***,0.1,0.1,-0.2,CONCORDANT ↑
SMU1,0.29,***,-0.0,-0.3,-0.1,OPPOSITE (HZ↑ RZV↓)
VIM,0.49,***,-1.0,-0.7,-0.8,OPPOSITE (HZ↑ RZV↓)
PPP1R18,0.41,***,0.2,0.2,-0.5,CONCORDANT ↑
MT-ND6,0.29,***,-0.6,-0.3,-0.2,OPPOSITE (HZ↑ RZV↓)
MCUB,-0.35,***,0.1,0.6,0.4,OPPOSITE (HZ↓ RZV↑)
CDK2AP2,0.38,***,0.7,0.4,1.2,CONCORDANT ↑
XIAP,0.53,***,-0.6,-0.4,-0.5,OPPOSITE (HZ↑ RZV↓)
ABRACL,0.71,***,0.1,-0.1,0.0,CONCORDANT ↑
EIF4EBP2,0.31,***,-0.2,-0.4,-0.0,OPPOSITE (HZ↑ RZV↓)
EIF4G2,0.36,***,-0.0,-0.0,-0.1,OPPOSITE (HZ↑ RZV↓)
TRPC4AP,-0.43,*,0.1,0.4,0.1,OPPOSITE (HZ↓ RZV↑)
ADAM8,-0.25,***,-0.4,-1.4,-2.3,CONCORDANT ↓
SAP18,-0.39,***,-0.1,-0.3,0.1,CONCORDANT ↓
JAK1,-0.3,***,0.1,0.3,0.0,OPPOSITE (HZ↓ RZV↑)
WDR45,0.48,***,0.6,0.7,0.2,CONCORDANT ↑
HNRNPAB,0.35,***,-0.2,-0.3,0.0,OPPOSITE (HZ↑ RZV↓)
HOPX,0.25,***,-1.1,-0.5,0.6,OPPOSITE (HZ↑ RZV↓)
ARMC9,-1.57,***,2.1,-0.6,2.3,OPPOSITE (HZ↓ RZV↑)
WDR26,-0.27,***,0.7,0.2,-0.5,OPPOSITE (HZ↓ RZV↑)
ARIH2,-0.52,*,0.2,-0.0,0.0,OPPOSITE (HZ↓ RZV↑)
NDUFAB1,0.32,***,0.0,-0.1,-0.0,CONCORDANT ↑
NUDC,-0.35,***,-0.0,-0.4,0.2,CONCORDANT ↓
BRD8,0.3,***,0.0,0.0,0.2,CONCORDANT ↑
VCL,0.76,***,-0.7,-0.8,-0.2,OPPOSITE (HZ↑ RZV↓)
STAT1,0.85,***,-0.2,-0.4,-0.1,OPPOSITE (HZ↑ RZV↓)
HBB,-1.89,***,1.0,1.7,7.5,OPPOSITE (HZ↓ RZV↑)
RPL22,2.68,***,-0.1,0.1,0.1,OPPOSITE (HZ↑ RZV↓)
DAD1,0.56,***,-0.0,-0.2,-0.2,OPPOSITE (HZ↑ RZV↓)
COMMD6,0.51,***,0.1,0.0,-0.1,CONCORDANT ↑
DDX1,0.27,***,0.1,0.0,0.6,CONCORDANT ↑
MT-CO2,-0.53,***,-0.3,-0.2,-0.1,CONCORDANT ↓
TMX1,0.36,***,-0.0,-0.2,0.4,OPPOSITE (HZ↑ RZV↓)
PUM2,0.28,***,0.5,0.4,-0.3,CONCORDANT ↑
ATM,0.65,***,0.1,0.0,-1.0,CONCORDANT ↑
SURF4,-0.26,***,0.0,0.0,0.1,OPPOSITE (HZ↓ RZV↑)
CCT3,0.31,***,0.1,-0.1,-0.2,CONCORDANT ↑
KMT2C,0.46,***,-0.1,-0.1,-0.4,OPPOSITE (HZ↑ RZV↓)
PSMA5,0.77,***,-0.1,-0.2,-0.1,OPPOSITE (HZ↑ RZV↓)
UTRN,0.3,***,-0.1,0.6,0.2,OPPOSITE (HZ↑ RZV↓)
GPSM3,-0.31,***,0.5,-0.4,-0.1,OPPOSITE (HZ↓ RZV↑)
TMSB4X,0.66,***,-0.2,-0.2,-0.2,OPPOSITE (HZ↑ RZV↓)
HLA-DRB1,0.36,***,1.2,1.3,-0.7,CONCORDANT ↑
NOL8,0.28,***,0.1,0.0,0.0,CONCORDANT ↑
SNRPE,0.52,***,-0.1,-0.2,-0.1,OPPOSITE (HZ↑ RZV↓)
SNRPC,-0.27,***,0.1,-0.1,0.1,OPPOSITE (HZ↓ RZV↑)
OCIAD1,0.39,***,0.0,-0.2,-0.4,CONCORDANT ↑
VPS36,0.29,***,-0.2,-0.3,0.1,OPPOSITE (HZ↑ RZV↓)
PRF1,0.53,***,0.5,1.1,1.4,CONCORDANT ↑
UBE2L6,0.39,***,0.2,-0.0,-0.1,CONCORDANT ↑
TMED9,-0.29,***,-0.3,-0.2,-0.1,CONCORDANT ↓
ELOB,-0.27,***,0.1,-0.2,0.1,OPPOSITE (HZ↓ RZV↑)
PPWD1,0.37,***,-0.1,-0.5,0.1,OPPOSITE (HZ↑ RZV↓)
SPCS3,0.29,***,-0.0,-0.1,0.3,OPPOSITE (HZ↑ RZV↓)
S100A8,-0.61,***,-1.8,-3.6,-3.6,CONCORDANT ↓
DDX5,-0.27,***,-0.1,-0.1,0.0,CONCORDANT ↓
NAP1L4,0.26,***,0.3,0.3,0.1,CONCORDANT ↑
SETX,0.48,***,0.3,0.4,0.2,CONCORDANT ↑
FYN,-0.32,***,-0.1,0.0,-0.1,CONCORDANT ↓
RPL38,1.13,***,-0.2,-0.3,-0.2,OPPOSITE (HZ↑ RZV↓)
IQGAP1,0.33,***,0.2,0.9,0.6,CONCORDANT ↑
SCAF11,0.28,***,0.2,0.1,0.1,CONCORDANT ↑
MT2A,0.87,***,0.6,0.5,0.5,CONCORDANT ↑
SNRPA1,-0.29,***,-0.2,-0.1,0.4,CONCORDANT ↓
KMT2A,1.22,***,-0.3,-0.2,-0.5,OPPOSITE (HZ↑ RZV↓)
NOP53,-0.81,**,-0.2,-0.3,-0.2,CONCORDANT ↓
MACF1,0.64,***,-0.4,0.6,-0.9,OPPOSITE (HZ↑ RZV↓)
FLII,-0.44,***,-0.2,-0.3,-0.1,CONCORDANT ↓
CCDC124,-0.32,***,-0.4,-0.2,0.6,CONCORDANT ↓
STIM2,-0.28,***,-0.2,-0.1,-0.3,CONCORDANT ↓
PEBP1,-0.29,***,-0.2,-0.3,-0.1,CONCORDANT ↓
UFSP2,0.27,***,1.4,-0.1,0.5,CONCORDANT ↑
CHCHD2,0.34,***,-0.1,-0.2,-0.1,OPPOSITE (HZ↑ RZV↓)
DGKZ,-0.32,***,-0.2,-0.3,-0.3,CONCORDANT ↓
CD7,-0.32,***,-0.4,-0.5,-0.5,CONCORDANT ↓
PCM1,0.27,***,0.1,0.1,-0.1,CONCORDANT ↑
ING3,-0.39,*,0.6,0.5,0.3,OPPOSITE (HZ↓ RZV↑)
MAN2A1,0.33,***,-0.3,-0.5,-0.3,OPPOSITE (HZ↑ RZV↓)
EIF2S1,0.29,***,-0.1,-0.2,-0.1,OPPOSITE (HZ↑ RZV↓)
CRTAM,0.29,***,0.7,-2.0,-0.2,CONCORDANT ↑
SP4,0.29,***,1.9,1.6,-0.3,CONCORDANT ↑
SLC2A3,-0.5,ns,-1.3,-0.6,-0.4,CONCORDANT ↓
ATP5MC3,0.42,***,0.1,0.0,0.1,CONCORDANT ↑
IFI35,0.26,***,-0.1,-0.1,0.5,OPPOSITE (HZ↑ RZV↓)
ESD,0.36,***,0.2,-0.1,-0.2,CONCORDANT ↑
ATP6V1G1,-0.41,***,-0.3,-0.4,0.1,CONCORDANT ↓
PSMA1,0.67,***,0.1,0.1,0.3,CONCORDANT ↑
PSME2,-0.28,***,-0.5,-0.7,0.0,CONCORDANT ↓
ARL1,0.33,***,0.5,0.0,0.5,CONCORDANT ↑
RDH11,1.02,***,0.5,0.7,0.8,CONCORDANT ↑
NBEAL1,-2.37,***,-0.2,-0.1,-1.3,CONCORDANT ↓
LINC00861,0.64,***,0.9,0.1,-0.4,CONCORDANT ↑
MAPRE2,-0.29,***,0.0,-0.0,-0.2,OPPOSITE (HZ↓ RZV↑)
RPL10A,0.48,***,-0.2,-0.2,-0.1,OPPOSITE (HZ↑ RZV↓)
MRPL50,0.33,***,-0.1,-0.2,0.1,OPPOSITE (HZ↑ RZV↓)
REEP5,0.53,***,-0.3,-0.3,0.1,OPPOSITE (HZ↑ RZV↓)
SNX5,0.4,***,0.3,0.2,0.2,CONCORDANT ↑
BOD1L1,-0.26,***,0.5,0.5,0.3,OPPOSITE (HZ↓ RZV↑)
ARF6,-0.38,***,-0.3,-0.1,-0.2,CONCORDANT ↓
PACS1,-0.39,**,0.4,0.4,-0.0,OPPOSITE (HZ↓ RZV↑)
XPO1,0.57,***,0.1,0.2,-0.0,CONCORDANT ↑
OGT,0.3,***,0.3,0.4,-0.3,CONCORDANT ↑
HNRNPF,0.71,***,-0.0,-0.1,-0.1,OPPOSITE (HZ↑ RZV↓)
DDX46,0.36,***,0.1,-0.0,0.1,CONCORDANT ↑
GLTP,-0.27,***,0.1,0.3,0.1,OPPOSITE (HZ↓ RZV↑)
RAD21,0.31,***,0.9,1.0,0.4,CONCORDANT ↑
WHAMM,-0.32,**,-0.1,0.1,0.4,CONCORDANT ↓
BRIX1,-0.27,***,-0.4,-0.5,-0.2,CONCORDANT ↓
DNAJA1,0.28,***,-0.1,-0.1,0.1,OPPOSITE (HZ↑ RZV↓)
NOP56,0.46,***,-0.1,-0.3,-0.1,OPPOSITE (HZ↑ RZV↓)
EFHD2,-0.85,***,0.2,0.2,0.4,OPPOSITE (HZ↓ RZV↑)
NFKBIA,-2.12,***,-0.7,-0.4,0.0,CONCORDANT ↓
NACA,0.72,***,-0.2,-0.3,-0.1,OPPOSITE (HZ↑ RZV↓)
UHMK1,0.35,***,-0.1,-0.0,-0.3,OPPOSITE (HZ↑ RZV↓)
ATP5MC2,0.5,***,-0.1,-0.1,-0.1,OPPOSITE (HZ↑ RZV↓)
PTEN,-0.43,***,0.5,0.1,-0.6,OPPOSITE (HZ↓ RZV↑)
AUP1,-0.5,***,-0.2,-0.1,0.4,CONCORDANT ↓
S100A11,0.74,***,-0.3,0.1,0.1,OPPOSITE (HZ↑ RZV↓)
ACSL4,0.29,***,0.1,0.4,0.2,CONCORDANT ↑
RPS23,1.23,***,-0.2,-0.2,-0.3,OPPOSITE (HZ↑ RZV↓)
IPO7,0.27,***,-0.4,-0.3,-0.2,OPPOSITE (HZ↑ RZV↓)
SELENOT,0.38,***,0.1,0.1,0.1,CONCORDANT ↑
BTN3A2,0.59,***,0.5,0.2,0.0,CONCORDANT ↑
DERL1,0.38,***,0.2,0.1,0.1,CONCORDANT ↑
SUPT16H,0.53,***,-0.0,-0.1,-0.2,OPPOSITE (HZ↑ RZV↓)
CD53,0.77,***,-0.6,-0.2,-0.6,OPPOSITE (HZ↑ RZV↓)
CASP1,0.31,***,0.1,-0.1,0.2,CONCORDANT ↑
RNF126,-0.52,*,-0.1,-0.4,0.2,CONCORDANT ↓
KPNB1,0.34,***,-0.2,-0.2,-0.3,OPPOSITE (HZ↑ RZV↓)
YWHAZ,0.58,***,-0.2,-0.2,0.0,OPPOSITE (HZ↑ RZV↓)
C14orf119,0.7,***,0.7,0.7,0.4,CONCORDANT ↑
RPS15A,0.95,***,-0.1,-0.3,-0.4,OPPOSITE (HZ↑ RZV↓)
MORF4L1,-0.31,***,0.0,-0.2,0.2,OPPOSITE (HZ↓ RZV↑)
VPS13A,0.3,***,-0.5,-0.1,-1.2,OPPOSITE (HZ↑ RZV↓)
CALCOCO2,0.52,***,0.3,0.0,0.8,CONCORDANT ↑
SELENOF,0.68,***,-0.1,-0.3,0.1,OPPOSITE (HZ↑ RZV↓)
TSPAN32,-0.27,***,1.2,0.7,-0.5,OPPOSITE (HZ↓ RZV↑)
SFT2D2,0.48,***,1.1,0.9,0.5,CONCORDANT ↑
TMEM43,0.5,***,-0.1,-0.2,0.4,OPPOSITE (HZ↑ RZV↓)
ATP5PB,0.58,***,-0.2,-0.3,-0.1,OPPOSITE (HZ↑ RZV↓)
LSM6,0.6,***,-0.2,-0.6,-0.1,OPPOSITE (HZ↑ RZV↓)
PSMD8,0.35,***,0.3,0.2,0.1,CONCORDANT ↑
ATP6V0E1,0.5,***,0.1,-0.2,0.1,CONCORDANT ↑
WAPL,-0.25,***,-0.2,-0.1,-0.3,CONCORDANT ↓
PRR5,0.55,***,-0.6,-1.3,-0.5,OPPOSITE (HZ↑ RZV↓)
DIAPH1,0.31,***,-0.2,-0.3,-0.6,OPPOSITE (HZ↑ RZV↓)
CSNK1A1,-0.29,***,0.3,0.5,0.3,OPPOSITE (HZ↓ RZV↑)
SNRPF,0.36,***,-0.2,-0.4,-0.2,OPPOSITE (HZ↑ RZV↓)
CDV3,-0.49,***,-0.1,0.0,-0.3,CONCORDANT ↓
CD2,0.97,***,0.1,-0.0,0.1,CONCORDANT ↑
GNAS,-0.86,**,-0.1,-0.0,0.0,CONCORDANT ↓
SUPT20H,0.42,***,-0.4,0.0,0.2,OPPOSITE (HZ↑ RZV↓)
FGD5-AS1,0.26,***,0.1,-0.1,0.1,CONCORDANT ↑
PATL2,-0.58,**,0.5,0.3,0.2,OPPOSITE (HZ↓ RZV↑)
PXN,-0.44,***,-0.4,-0.0,-0.3,CONCORDANT ↓
CLDND1,-0.98,***,-0.0,-0.0,0.6,CONCORDANT ↓
FBL,0.29,***,-0.4,-0.4,-0.4,OPPOSITE (HZ↑ RZV↓)
RPL41,0.42,***,-0.4,-0.4,-0.2,OPPOSITE (HZ↑ RZV↓)
EEF1A1,0.89,***,-0.4,-0.3,-0.3,OPPOSITE (HZ↑ RZV↓)
PKN2,-0.3,***,-0.4,-0.1,-0.1,CONCORDANT ↓
RBIS,-1.21,***,0.1,0.2,0.1,OPPOSITE (HZ↓ RZV↑)
SEPTIN9,-1.24,***,0.5,0.8,-0.2,OPPOSITE (HZ↓ RZV↑)
SEPTIN6,-1.32,***,0.4,0.4,0.1,OPPOSITE (HZ↓ RZV↑)
TNFSF14,0.6,***,-1.0,-0.6,-0.5,OPPOSITE (HZ↑ RZV↓)
MORF4L2,-0.41,**,-0.1,-0.3,0.1,CONCORDANT ↓
GCDH,-0.98,***,0.7,0.4,1.3,OPPOSITE (HZ↓ RZV↑)
DGCR6L,-0.32,***,1.5,1.3,1.3,OPPOSITE (HZ↓ RZV↑)
SUMF2,-0.3,***,0.5,0.2,0.1,OPPOSITE (HZ↓ RZV↑)
RPL27A,0.86,***,-0.3,-0.3,-0.2,OPPOSITE (HZ↑ RZV↓)
OASL,0.36,***,0.1,-0.7,1.0,CONCORDANT ↑
CYB5B,0.29,***,0.2,0.1,0.5,CONCORDANT ↑
NSUN2,0.3,***,-0.2,-0.2,0.2,OPPOSITE (HZ↑ RZV↓)
LAIR2,0.36,***,3.2,3.9,3.1,CONCORDANT ↑
CD226,0.33,***,0.1,-0.3,-0.1,CONCORDANT ↑
PTMS,-0.44,**,2.7,3.8,2.1,OPPOSITE (HZ↓ RZV↑)
FKBP8,-0.55,*,0.9,0.3,0.5,OPPOSITE (HZ↓ RZV↑)
TTC3,0.28,***,-0.1,0.2,-0.2,OPPOSITE (HZ↑ RZV↓)
TGFBR3,0.43,***,-0.1,-0.2,-0.5,OPPOSITE (HZ↑ RZV↓)
ANKRD12,0.4,***,0.1,-0.0,-0.1,CONCORDANT ↑
TMED5,0.34,***,0.0,0.2,0.5,CONCORDANT ↑
SF3B4,-0.3,***,0.0,-0.3,0.1,OPPOSITE (HZ↓ RZV↑)
LTN1,0.47,***,-0.1,-0.0,-0.1,OPPOSITE (HZ↑ RZV↓)
GNG2,0.48,***,0.9,0.7,-0.2,CONCORDANT ↑
RBM25,0.41,***,-0.2,-0.2,-0.2,OPPOSITE (HZ↑ RZV↓)
TMED2,-0.45,***,-0.2,-0.1,0.4,CONCORDANT ↓
CLK4,0.27,***,0.4,0.4,0.3,CONCORDANT ↑
CD320,-0.5,**,-0.2,-0.4,0.7,CONCORDANT ↓
TMEM167A,0.33,***,0.2,-0.1,0.3,CONCORDANT ↑
PPP1CB,0.58,***,0.2,0.0,0.2,CONCORDANT ↑
DDX17,0.77,***,0.1,0.2,-0.6,CONCORDANT ↑
MED10,-0.54,***,0.1,0.0,0.2,OPPOSITE (HZ↓ RZV↑)
ZAP70,-0.27,***,0.4,0.5,0.1,OPPOSITE (HZ↓ RZV↑)
RASGRP2,-0.4,***,0.5,0.4,-0.8,OPPOSITE (HZ↓ RZV↑)
TLE5,-3.26,***,0.2,0.8,-0.4,OPPOSITE (HZ↓ RZV↑)
SYNE2,0.33,***,0.0,0.1,-0.3,CONCORDANT ↑
RPL10,0.53,***,-0.3,-0.3,-0.1,OPPOSITE (HZ↑ RZV↓)
DYNLRB1,0.63,***,0.1,-0.1,0.0,CONCORDANT ↑
RBBP6,-0.44,**,0.1,0.3,-0.1,OPPOSITE (HZ↓ RZV↑)
TPP1,0.6,***,0.6,0.6,0.3,CONCORDANT ↑
RAN,0.56,***,-0.1,-0.1,-0.1,OPPOSITE (HZ↑ RZV↓)
RPL37A,1.05,***,-0.2,-0.2,-0.2,OPPOSITE (HZ↑ RZV↓)
KLF3,-0.95,**,-0.7,-1.1,-0.6,CONCORDANT ↓
MIAT,0.41,***,1.1,1.7,0.2,CONCORDANT ↑
CHORDC1,0.51,***,-0.5,-0.2,0.0,OPPOSITE (HZ↑ RZV↓)
VMP1,-0.36,***,-0.6,-0.3,-0.2,CONCORDANT ↓
TNFAIP3,-1.27,***,0.2,0.5,0.4,OPPOSITE (HZ↓ RZV↑)
PRRC2C,0.41,***,-0.3,-0.2,-0.5,OPPOSITE (HZ↑ RZV↓)
IRAK4,0.73,***,0.7,0.7,0.3,CONCORDANT ↑
RNPEPL1,-0.28,***,1.0,1.6,-0.8,OPPOSITE (HZ↓ RZV↑)
RNF213,0.67,***,0.3,0.6,0.0,CONCORDANT ↑
EIF2S3,0.31,***,0.2,-0.2,-0.3,CONCORDANT ↑
RPL37,0.89,***,-0.2,-0.2,-0.3,OPPOSITE (HZ↑ RZV↓)
AIF1,-0.33,***,-2.0,-4.0,-3.7,CONCORDANT ↓
SRA1,-0.33,*,-0.4,-0.5,0.0,CONCORDANT ↓
CD46,0.44,***,0.1,0.1,0.2,CONCORDANT ↑
ANXA11,-0.3,***,0.6,0.3,0.3,OPPOSITE (HZ↓ RZV↑)
LRP10,-0.28,***,0.9,1.0,0.1,OPPOSITE (HZ↓ RZV↑)
RPS7,-0.43,***,-0.2,-0.3,-0.1,CONCORDANT ↓
CARD8,0.33,***,0.7,0.9,0.7,CONCORDANT ↑
COX7C,0.66,***,-0.0,-0.2,-0.1,OPPOSITE (HZ↑ RZV↓)
USP1,0.28,***,-0.1,-0.2,-0.2,OPPOSITE (HZ↑ RZV↓)
CNIH4,0.33,***,0.7,0.6,0.6,CONCORDANT ↑
TNFRSF1B,-0.32,***,0.3,0.7,-0.1,OPPOSITE (HZ↓ RZV↑)
MSH2,0.36,***,0.5,0.2,0.1,CONCORDANT ↑
PSMG2,0.27,***,0.3,-0.1,0.1,CONCORDANT ↑
OSTC,0.46,***,0.2,0.1,0.2,CONCORDANT ↑
PNRC2,0.63,***,0.3,0.1,0.2,CONCORDANT ↑
ZNF22,0.4,***,-0.8,-0.4,0.2,OPPOSITE (HZ↑ RZV↓)
ARF1,-0.49,***,-0.2,-0.1,0.0,CONCORDANT ↓
RASAL3,-0.31,***,1.6,2.4,1.0,OPPOSITE (HZ↓ RZV↑)
METTL23,0.76,***,0.5,0.1,0.0,CONCORDANT ↑
RACK1,0.88,***,-0.2,-0.2,-0.2,OPPOSITE (HZ↑ RZV↓)
JPT1,0.74,***,0.1,0.1,0.1,CONCORDANT ↑
LCK,-0.38,***,1.1,0.9,0.5,OPPOSITE (HZ↓ RZV↑)
UTP6,0.28,***,0.3,0.1,-0.0,CONCORDANT ↑
DAXX,0.39,***,0.1,0.3,0.1,CONCORDANT ↑
EDF1,0.48,***,0.1,-0.1,0.1,CONCORDANT ↑
RPSA,1.36,***,-0.1,-0.3,-0.4,OPPOSITE (HZ↑ RZV↓)
SERPINB1,0.57,***,-0.2,-0.1,-0.1,OPPOSITE (HZ↑ RZV↓)
EBAG9,0.3,***,0.5,0.3,-0.1,CONCORDANT ↑
FNBP4,0.28,***,0.0,0.4,-0.2,CONCORDANT ↑
HLA-E,-0.67,***,-0.2,-0.0,-0.1,CONCORDANT ↓
SERINC3,0.63,***,0.5,0.6,0.2,CONCORDANT ↑
RPL13A,0.81,***,-0.2,-0.2,-0.1,OPPOSITE (HZ↑ RZV↓)
PSMB9,0.45,***,0.0,0.1,-0.0,CONCORDANT ↑
MRPL42,0.43,***,0.5,0.6,0.5,CONCORDANT ↑
RBM38,-1.03,***,0.1,-0.4,-0.1,OPPOSITE (HZ↓ RZV↑)
GIMAP6,0.98,***,-1.4,-2.0,-2.4,OPPOSITE (HZ↑ RZV↓)
ZNF24,0.34,***,0.3,-0.2,-0.1,CONCORDANT ↑
ADAR,0.27,***,0.2,0.1,0.0,CONCORDANT ↑
LINC00174,-1.45,***,-0.5,0.0,0.1,CONCORDANT ↓
CCND3,-0.25,***,-0.7,-1.1,0.6,CONCORDANT ↓
GPR174,0.64,***,0.2,-1.8,0.0,CONCORDANT ↑
COA3,0.33,***,0.1,-0.2,0.2,CONCORDANT ↑
RHOH,-0.53,**,-0.5,-0.3,-0.3,CONCORDANT ↓
HLA-DMA,0.74,***,0.7,0.2,-0.9,CONCORDANT ↑
NME3,-0.26,***,0.7,1.1,1.6,OPPOSITE (HZ↓ RZV↑)
PSME1,-0.44,***,0.2,-0.0,0.3,OPPOSITE (HZ↓ RZV↑)
GPX1,1.08,***,0.9,0.6,0.3,CONCORDANT ↑
KLF2,0.34,***,1.2,1.2,1.5,CONCORDANT ↑
EIF3H,0.45,***,0.0,-0.1,-0.1,CONCORDANT ↑
EFR3A,0.3,***,-0.0,0.2,-0.3,OPPOSITE (HZ↑ RZV↓)
DOCK11,0.34,***,0.4,0.0,-0.2,CONCORDANT ↑
HINT1,0.32,***,-0.3,-0.3,-0.2,OPPOSITE (HZ↑ RZV↓)
TRAT1,0.35,***,-0.6,-0.4,-0.9,OPPOSITE (HZ↑ RZV↓)
TOR1AIP1,0.25,***,0.1,-0.4,0.2,CONCORDANT ↑
UQCRB,0.48,***,-0.2,-0.1,-0.2,OPPOSITE (HZ↑ RZV↓)
JMJD1C,-0.26,***,-0.6,-0.1,-0.4,CONCORDANT ↓
NFYB,0.27,***,0.0,-0.2,0.3,CONCORDANT ↑
H2AZ1,-1.68,***,-0.1,-0.1,0.1,CONCORDANT ↓
VHL,0.26,***,0.1,0.1,-1.1,CONCORDANT ↑
HERPUD1,-1.23,***,-0.0,-0.1,0.3,CONCORDANT ↓
TRPM7,0.27,***,-0.0,0.2,-0.1,OPPOSITE (HZ↑ RZV↓)
COG2,0.27,***,-0.4,-0.5,-0.0,OPPOSITE (HZ↑ RZV↓)
LGALS8,0.28,***,0.3,0.7,0.1,CONCORDANT ↑
PSMD7,-0.33,***,0.2,0.1,0.3,OPPOSITE (HZ↓ RZV↑)
CD48,1.08,***,-1.0,-0.8,-0.3,OPPOSITE (HZ↑ RZV↓)
SH3BGRL,0.48,***,0.7,0.7,0.2,CONCORDANT ↑
CAPNS1,-0.38,***,-0.1,0.2,0.2,CONCORDANT ↓
ASNSD1,0.48,***,-0.1,-0.2,0.2,OPPOSITE (HZ↑ RZV↓)
FTL,0.29,***,-0.4,-0.4,-0.2,OPPOSITE (HZ↑ RZV↓)
BRI3,-0.3,***,-0.5,0.5,-1.2,CONCORDANT ↓
NUCB1,-0.34,***,0.9,0.8,0.3,OPPOSITE (HZ↓ RZV↑)
PCBP2,-1.0,***,0.0,0.0,-0.1,OPPOSITE (HZ↓ RZV↑)
N4BP2L2,0.36,***,0.3,0.2,0.1,CONCORDANT ↑
ATP5F1C,0.33,***,0.2,-0.1,0.1,CONCORDANT ↑
SDF2,0.3,***,-0.0,0.4,0.5,OPPOSITE (HZ↑ RZV↓)
CLTA,0.4,***,0.7,0.4,0.1,CONCORDANT ↑
ADD3,0.43,***,0.7,1.0,0.4,CONCORDANT ↑
SYTL3,-0.59,*,0.4,1.8,0.1,OPPOSITE (HZ↓ RZV↑)
RIF1,0.33,***,-0.1,-0.1,-0.6,OPPOSITE (HZ↑ RZV↓)
NDUFA2,0.27,***,0.3,0.1,0.3,CONCORDANT ↑
RUNX3,-1.59,***,0.4,0.3,-0.1,OPPOSITE (HZ↓ RZV↑)
ATP6V0B,-0.49,**,-0.0,-0.0,0.4,CONCORDANT ↓
FLOT2,-0.48,*,3.7,2.2,2.4,OPPOSITE (HZ↓ RZV↑)
MRPS14,0.27,***,0.2,-0.1,-0.1,CONCORDANT ↑
DNAJB1,-1.55,***,-0.4,-0.3,0.2,CONCORDANT ↓
APBB1IP,0.37,***,-0.1,-0.2,-0.5,OPPOSITE (HZ↑ RZV↓)
DNAJC15,0.54,***,0.2,-0.2,0.0,CONCORDANT ↑
CHD1,-0.4,***,-0.2,0.0,-0.0,CONCORDANT ↓
NCBP2,0.35,***,-0.0,0.0,0.3,OPPOSITE (HZ↑ RZV↓)
GIMAP7,1.52,***,-0.1,-0.1,-0.3,OPPOSITE (HZ↑ RZV↓)
MXD4,-0.31,***,6.5,5.2,3.6,OPPOSITE (HZ↓ RZV↑)
PPP3CC,-0.35,***,-0.2,-0.2,-0.3,CONCORDANT ↓
PHF21A,-0.33,***,1.2,2.0,0.7,OPPOSITE (HZ↓ RZV↑)
NCBP2AS2,-1.74,***,0.1,0.1,0.2,OPPOSITE (HZ↓ RZV↑)
PSMB3,0.43,***,0.1,-0.1,0.0,CONCORDANT ↑
KIAA0040,0.41,***,-0.7,0.2,-0.1,OPPOSITE (HZ↑ RZV↓)
BLOC1S4,-0.38,***,-0.3,-0.2,-0.2,CONCORDANT ↓
RPL13AP5,0.89,***,-0.2,-0.4,-0.2,OPPOSITE (HZ↑ RZV↓)
RAP1B,0.62,***,-0.5,-0.4,-0.4,OPPOSITE (HZ↑ RZV↓)
HLA-A,0.9,***,-0.1,-0.1,-0.2,OPPOSITE (HZ↑ RZV↓)
UQCRHL,-1.05,***,-0.2,-0.0,-0.3,CONCORDANT ↓
CARD16,0.43,***,0.1,0.3,-0.5,CONCORDANT ↑
TBK1,0.34,***,0.9,0.9,1.2,CONCORDANT ↑
ILF2,-0.26,***,-0.2,-0.2,-0.0,CONCORDANT ↓
TMUB1,-0.27,***,-0.0,-0.1,0.1,CONCORDANT ↓
CTSC,0.7,***,1.0,1.1,0.6,CONCORDANT ↑
SNHG29,-1.26,***,-0.2,-0.3,0.2,CONCORDANT ↓
CXCL8,-2.0,***,2.5,-1.4,1.8,OPPOSITE (HZ↓ RZV↑)
ABT1,-0.26,***,-0.2,-0.1,-0.3,CONCORDANT ↓
PYCARD,0.52,***,2.0,2.5,-3.2,CONCORDANT ↑
RHOA,0.39,***,0.1,-0.0,0.2,CONCORDANT ↑
SF3B2,-0.5,***,0.0,-0.2,0.0,OPPOSITE (HZ↓ RZV↑)
CXCR3,0.59,***,-0.6,-0.3,-0.5,OPPOSITE (HZ↑ RZV↓)
PLEKHA2,0.44,***,-0.0,0.3,-0.4,OPPOSITE (HZ↑ RZV↓)
MT-ATP8,-1.34,***,-0.5,-0.3,-0.1,CONCORDANT ↓
SMIM12,0.3,***,0.1,0.3,0.1,CONCORDANT ↑
CLTC,0.41,***,0.3,0.4,0.0,CONCORDANT ↑
HSPB1,0.41,***,-0.7,-0.8,0.0,OPPOSITE (HZ↑ RZV↓)
ASAH1,-0.37,***,-0.3,-0.3,1.0,CONCORDANT ↓
LINC01138,-1.28,***,-1.2,-1.5,-0.8,CONCORDANT ↓
COPB1,0.46,***,-0.2,-0.3,0.2,OPPOSITE (HZ↑ RZV↓)
MBNL1,0.52,***,-0.5,-0.4,-0.7,OPPOSITE (HZ↑ RZV↓)
LAMTOR2,0.26,***,0.6,0.1,0.5,CONCORDANT ↑
PSMA4,0.57,***,0.3,0.2,0.3,CONCORDANT ↑
ING4,0.3,***,2.5,2.7,2.3,CONCORDANT ↑
DENND2D,0.71,***,-0.2,-0.4,-0.5,OPPOSITE (HZ↑ RZV↓)
KLF13,-0.34,***,-0.4,-0.6,-0.8,CONCORDANT ↓
GZMM,-0.42,**,-0.2,0.2,-1.1,CONCORDANT ↓
PLAAT4,-2.13,***,0.3,0.0,-0.1,OPPOSITE (HZ↓ RZV↑)
SSR1,0.28,***,0.1,-0.0,0.4,CONCORDANT ↑
APOL6,0.74,***,-0.7,-0.6,-0.5,OPPOSITE (HZ↑ RZV↓)
GALNT1,-0.39,***,0.1,0.0,0.0,OPPOSITE (HZ↓ RZV↑)
RHOF,0.28,***,-0.7,-0.6,-0.6,OPPOSITE (HZ↑ RZV↓)
AKAP8L,-0.34,***,0.4,0.3,0.4,OPPOSITE (HZ↓ RZV↑)
COPS5,0.63,***,0.4,0.0,0.3,CONCORDANT ↑
RALY,-0.42,***,0.5,0.4,0.4,OPPOSITE (HZ↓ RZV↑)
RPL7,3.03,***,-0.4,-0.1,0.1,OPPOSITE (HZ↑ RZV↓)
AIMP1,-0.55,*,0.2,-0.3,0.1,OPPOSITE (HZ↓ RZV↑)
NASP,0.47,***,-0.3,-0.4,-0.0,OPPOSITE (HZ↑ RZV↓)
RPS6,0.55,***,-0.3,-0.3,-0.1,OPPOSITE (HZ↑ RZV↓)
ZNF770,0.45,***,-0.2,-0.1,-0.1,OPPOSITE (HZ↑ RZV↓)
RPL30,1.25,***,-0.2,-0.3,-0.2,OPPOSITE (HZ↑ RZV↓)
CCDC82,0.31,***,0.3,0.5,0.4,CONCORDANT ↑
GLIPR1,0.69,***,-0.2,0.1,-0.6,OPPOSITE (HZ↑ RZV↓)
UCHL5,0.35,***,-0.0,-0.1,0.1,OPPOSITE (HZ↑ RZV↓)
BIRC6,0.39,***,0.4,0.6,-0.2,CONCORDANT ↑
DYNLL1,1.46,***,0.9,0.5,0.3,CONCORDANT ↑
RPL3P4,1.21,***,-0.3,-0.2,-0.1,OPPOSITE (HZ↑ RZV↓)
TNFSF10,0.5,***,-1.0,-1.2,-0.3,OPPOSITE (HZ↑ RZV↓)
TMBIM6,0.55,***,-0.1,0.0,0.1,OPPOSITE (HZ↑ RZV↓)
UQCRH,0.36,***,-0.0,-0.3,-0.2,OPPOSITE (HZ↑ RZV↓)
KDM5B,-1.33,***,0.8,0.6,0.1,OPPOSITE (HZ↓ RZV↑)
SLAMF7,0.95,***,-1.7,-3.3,1.3,OPPOSITE (HZ↑ RZV↓)
CELF1,0.35,***,-0.2,-0.0,-0.5,OPPOSITE (HZ↑ RZV↓)
PHPT1,-0.33,***,0.4,-0.1,0.3,OPPOSITE (HZ↓ RZV↑)
GADD45GIP1,-0.42,***,-0.1,-0.2,-0.0,CONCORDANT ↓
VPS13C,0.72,***,0.3,0.5,-0.0,CONCORDANT ↑
MBD4,-0.38,***,-0.0,-0.2,0.2,CONCORDANT ↓
PAK2,0.44,***,0.1,-0.0,-0.2,CONCORDANT ↑
SRSF4,0.42,***,0.2,0.0,-0.1,CONCORDANT ↑
CAPZA1,0.51,***,0.2,0.1,-0.2,CONCORDANT ↑
PPIE,-0.66,*,-0.1,-0.7,0.1,CONCORDANT ↓
CDC42EP3,0.75,***,-1.1,-0.6,-0.3,OPPOSITE (HZ↑ RZV↓)
BCAS2,-0.47,**,-0.0,-0.1,0.2,CONCORDANT ↓
CX3CR1,2.07,***,0.3,3.0,0.4,CONCORDANT ↑
SERPINB6,0.5,***,-1.7,-6.9,-2.4,OPPOSITE (HZ↑ RZV↓)
CCT5,0.51,***,-0.1,-0.1,0.0,OPPOSITE (HZ↑ RZV↓)
CHCHD1,0.52,***,0.4,0.1,0.2,CONCORDANT ↑
PLEKHA1,0.3,***,-1.4,-0.7,-0.7,OPPOSITE (HZ↑ RZV↓)
PPDPF,-0.44,**,0.3,0.1,-0.3,OPPOSITE (HZ↓ RZV↑)
PSMB8,0.53,***,0.0,-0.1,0.0,CONCORDANT ↑
RTF2,0.41,***,0.2,-0.2,0.3,CONCORDANT ↑
EMG1,0.26,***,-0.2,-0.2,-0.1,OPPOSITE (HZ↑ RZV↓)
C21orf91,0.37,***,0.4,0.6,-0.3,CONCORDANT ↑
PPP4R3B,0.42,***,0.0,0.0,0.2,CONCORDANT ↑
NAPA,-1.08,***,0.1,0.1,0.5,OPPOSITE (HZ↓ RZV↑)
PLEKHA7,-2.62,***,1.4,0.9,-1.3,OPPOSITE (HZ↓ RZV↑)
TMEM33,0.33,***,0.3,0.2,0.2,CONCORDANT ↑
RAB8B,0.37,***,-0.3,-0.2,-0.1,OPPOSITE (HZ↑ RZV↓)
SKAP1,-0.26,***,0.6,0.5,0.3,OPPOSITE (HZ↓ RZV↑)
HCLS1,-0.46,***,0.2,0.3,0.1,OPPOSITE (HZ↓ RZV↑)
TCF25,0.58,***,0.1,0.1,-0.0,CONCORDANT ↑
RPS27A,1.49,***,-0.3,-0.3,-0.2,OPPOSITE (HZ↑ RZV↓)
NDUFAF4,0.27,***,-0.3,-0.5,-0.2,OPPOSITE (HZ↑ RZV↓)
DPY30,0.36,***,-0.2,-0.2,0.2,OPPOSITE (HZ↑ RZV↓)
UBR5,0.3,***,0.3,0.5,-0.2,CONCORDANT ↑
SEPTIN7,-3.11,***,-0.1,-0.2,0.0,CONCORDANT ↓
ARHGEF1,-0.59,**,0.2,0.6,0.3,OPPOSITE (HZ↓ RZV↑)
RPL35,0.49,***,-0.2,-0.3,-0.1,OPPOSITE (HZ↑ RZV↓)
TRAF5,0.3,***,-0.3,0.1,-0.2,OPPOSITE (HZ↑ RZV↓)
VPS35,0.41,***,-0.1,-0.1,0.2,OPPOSITE (HZ↑ RZV↓)
VDAC3,0.31,***,0.0,0.0,-0.0,CONCORDANT ↑
MMP24OS,0.52,***,-0.4,-0.6,-0.8,OPPOSITE (HZ↑ RZV↓)
MRFAP1L1,0.5,***,0.0,0.2,0.4,CONCORDANT ↑
RGS10,0.42,***,0.0,-0.2,-0.3,CONCORDANT ↑
EXOC1,0.28,***,0.3,0.1,0.1,CONCORDANT ↑
RELA,-0.29,***,-0.2,-0.0,0.0,CONCORDANT ↓
ABI3,0.29,***,0.6,-0.5,-1.2,CONCORDANT ↑
TXNDC9,0.31,***,0.6,0.4,0.8,CONCORDANT ↑
PRKACB,0.73,***,0.5,0.8,1.1,CONCORDANT ↑
WNK1,0.46,***,0.3,0.3,-1.1,CONCORDANT ↑
SMIM10L1,-0.32,***,0.3,0.2,0.3,OPPOSITE (HZ↓ RZV↑)
UBE2V2,0.35,***,0.7,0.3,0.8,CONCORDANT ↑
C1QBP,-0.25,***,-0.2,-0.3,-0.1,CONCORDANT ↓
RPL34,-0.6,***,-0.2,-0.3,-0.1,CONCORDANT ↓
DNAJB14,0.25,***,-0.0,0.1,-0.1,OPPOSITE (HZ↑ RZV↓)
CD52,0.9,***,-0.1,-0.2,-0.4,OPPOSITE (HZ↑ RZV↓)
JUND,-2.0,***,0.3,0.1,0.1,OPPOSITE (HZ↓ RZV↑)
HUWE1,0.39,***,-0.1,-0.1,-0.8,OPPOSITE (HZ↑ RZV↓)
HCP5,0.65,***,0.4,0.3,-0.1,CONCORDANT ↑
MAP7D1,-0.36,***,-0.1,0.1,0.2,CONCORDANT ↓
TMEM208,0.3,***,-0.1,-0.1,0.1,OPPOSITE (HZ↑ RZV↓)
ZNF90,-1.73,***,-0.4,1.7,-0.6,CONCORDANT ↓
MT-CO1,-0.26,***,-0.2,-0.1,0.0,CONCORDANT ↓
BSG,-0.32,***,0.2,0.2,0.4,OPPOSITE (HZ↓ RZV↑)
PSPC1,-0.31,***,0.2,0.4,0.2,OPPOSITE (HZ↓ RZV↑)
TSC22D3,-2.45,***,0.6,0.9,1.6,OPPOSITE (HZ↓ RZV↑)
ECPAS,0.28,***,-0.3,0.1,-0.6,OPPOSITE (HZ↑ RZV↓)
PQBP1,0.29,***,0.1,-0.2,0.2,CONCORDANT ↑
SRRM1,-0.46,***,-0.1,-0.3,0.1,CONCORDANT ↓
PUF60,-0.33,***,-0.1,-0.1,0.0,CONCORDANT ↓
FRYL,0.45,***,-0.6,-0.4,-0.7,OPPOSITE (HZ↑ RZV↓)
IER2,-1.52,***,0.4,0.2,0.1,OPPOSITE (HZ↓ RZV↑)
UBE3C,-1.12,***,0.2,0.0,0.3,OPPOSITE (HZ↓ RZV↑)
ARCN1,0.28,***,-0.4,-0.2,0.3,OPPOSITE (HZ↑ RZV↓)
SARS1,-1.3,***,-0.1,-0.5,-0.0,CONCORDANT ↓
DCAF5,-0.36,***,0.0,-0.6,-0.3,OPPOSITE (HZ↓ RZV↑)
GBP3,0.48,***,2.7,3.3,1.2,CONCORDANT ↑
H1-10,-3.36,***,1.1,0.3,1.4,OPPOSITE (HZ↓ RZV↑)
ATP5F1E,0.68,***,0.1,-0.0,-0.0,CONCORDANT ↑
RPLP2,0.56,***,-0.3,-0.4,-0.2,OPPOSITE (HZ↑ RZV↓)
S100A10,0.34,***,-0.6,-0.2,-0.0,OPPOSITE (HZ↑ RZV↓)
GNLY,-0.62,***,-2.3,3.1,3.3,CONCORDANT ↓
ARHGAP26,-0.49,**,0.5,0.6,0.3,OPPOSITE (HZ↓ RZV↑)
EIF3A,0.59,***,-0.1,-0.0,-0.1,OPPOSITE (HZ↑ RZV↓)
PRDX3,0.47,***,0.1,-0.2,0.3,CONCORDANT ↑
SAMD9L,0.83,***,0.7,1.2,0.5,CONCORDANT ↑
GSTO1,0.51,***,-0.2,-0.1,0.2,OPPOSITE (HZ↑ RZV↓)
TRIP12,0.47,***,0.0,0.0,-0.4,CONCORDANT ↑
BANF1,0.48,***,0.0,-0.2,0.2,CONCORDANT ↑
KLRG1,0.55,***,-1.1,0.2,-1.2,OPPOSITE (HZ↑ RZV↓)
HNRNPA3,1.31,***,-0.2,-0.0,-0.3,OPPOSITE (HZ↑ RZV↓)
RPS9,0.48,***,-0.1,-0.3,-0.0,OPPOSITE (HZ↑ RZV↓)
CIRBP,-1.12,***,0.3,0.4,0.4,OPPOSITE (HZ↓ RZV↑)
YIPF4,0.27,***,0.2,-0.1,0.3,CONCORDANT ↑
WAS,-0.26,***,0.8,0.2,0.8,OPPOSITE (HZ↓ RZV↑)
SSR3,0.51,***,-0.2,-0.1,0.3,OPPOSITE (HZ↑ RZV↓)
PGLS,0.3,***,0.3,0.0,-0.3,CONCORDANT ↑
LEPROTL1,-0.26,***,0.4,0.6,0.4,OPPOSITE (HZ↓ RZV↑)
ICAM2,0.42,***,-0.2,-0.2,-0.5,OPPOSITE (HZ↑ RZV↓)
CMTM7,-0.28,***,-0.3,0.3,0.4,CONCORDANT ↓
NOP10,0.44,***,-0.2,-0.2,-0.2,OPPOSITE (HZ↑ RZV↓)
PDLIM2,0.69,***,-0.2,-0.5,0.9,OPPOSITE (HZ↑ RZV↓)
GRPEL1,-0.28,***,-0.6,-0.6,-0.0,CONCORDANT ↓
XIST,0.7,***,-0.3,0.6,0.0,OPPOSITE (HZ↑ RZV↓)
TXNDC12,0.65,***,0.5,0.0,0.4,CONCORDANT ↑
RPL12,0.95,***,-0.3,-0.3,-0.2,OPPOSITE (HZ↑ RZV↓)
ANAPC4,0.28,***,0.5,0.6,0.7,CONCORDANT ↑
ARPC3,2.91,***,0.3,0.2,0.2,CONCORDANT ↑
AP3S1,-0.42,***,-0.0,-0.2,-0.1,CONCORDANT ↓
GAS5,0.44,***,-0.3,-0.2,0.3,OPPOSITE (HZ↑ RZV↓)
HSPA5,-1.29,***,-0.2,-0.1,0.2,CONCORDANT ↓
STK4,0.39,***,0.1,0.2,-0.1,CONCORDANT ↑
SCAF8,0.26,***,-0.3,-0.0,-0.7,OPPOSITE (HZ↑ RZV↓)
EMB,0.57,***,-0.2,-0.1,-0.2,OPPOSITE (HZ↑ RZV↓)
COA5,0.26,***,0.9,-0.5,0.5,CONCORDANT ↑
MEF2D,-0.97,***,1.1,0.8,0.9,OPPOSITE (HZ↓ RZV↑)
UBE2R2,-0.28,***,0.5,0.6,-0.2,OPPOSITE (HZ↓ RZV↑)
HLA-DRA,0.38,***,4.0,4.7,0.1,CONCORDANT ↑
CMTM3,-0.63,*,0.2,0.4,0.3,OPPOSITE (HZ↓ RZV↑)
RSBN1L,0.37,***,0.6,0.2,0.2,CONCORDANT ↑
RPS26,2.77,***,-0.1,-0.3,0.0,OPPOSITE (HZ↑ RZV↓)
LRIF1,0.46,***,-0.7,-1.6,-0.3,OPPOSITE (HZ↑ RZV↓)
TCEA1,0.44,***,-0.3,-0.4,0.2,OPPOSITE (HZ↑ RZV↓)
RAC2,0.74,***,-0.2,-0.2,-0.5,OPPOSITE (HZ↑ RZV↓)
TNFAIP8,0.55,***,0.1,0.2,0.0,CONCORDANT ↑
NDUFS6,0.26,***,0.0,-0.1,0.1,CONCORDANT ↑
PPP1R15A,-1.58,***,-0.3,-0.2,1.0,CONCORDANT ↓
LSM4,-0.31,***,-0.1,-0.4,0.6,CONCORDANT ↓
POLR2B,0.63,***,0.1,0.0,0.0,CONCORDANT ↑
MYCBP2,0.61,***,-0.1,-0.2,-0.3,OPPOSITE (HZ↑ RZV↓)
RPS18,-0.32,***,-0.3,-0.3,-0.2,CONCORDANT ↓
ATP2B1,-0.31,***,-0.4,0.0,-0.2,CONCORDANT ↓
CSTB,0.86,***,-0.2,-0.3,-0.2,OPPOSITE (HZ↑ RZV↓)
TMX3,0.38,***,0.1,-0.1,0.5,CONCORDANT ↑
UXT,0.54,***,-0.4,-0.5,-0.2,OPPOSITE (HZ↑ RZV↓)
NAP1L1,0.75,***,-0.0,-0.2,-0.1,OPPOSITE (HZ↑ RZV↓)
RPL24,0.83,***,-0.1,-0.3,-0.2,OPPOSITE (HZ↑ RZV↓)
CRBN,-0.26,***,0.6,0.5,0.3,OPPOSITE (HZ↓ RZV↑)
MLF2,-0.39,***,-0.2,-0.0,0.3,CONCORDANT ↓
HBP1,-0.32,**,0.1,0.4,0.1,OPPOSITE (HZ↓ RZV↑)
MRPS31,0.31,***,0.2,0.4,-0.3,CONCORDANT ↑
RPS8,0.81,***,-0.1,-0.2,-0.2,OPPOSITE (HZ↑ RZV↓)
RNF181,0.31,***,0.3,0.1,0.5,CONCORDANT ↑
FCRL3,0.35,***,-0.5,0.1,0.8,OPPOSITE (HZ↑ RZV↓)
RPS16,0.97,***,-0.1,-0.2,-0.1,OPPOSITE (HZ↑ RZV↓)
IKZF3,1.08,***,0.1,-0.1,-0.6,CONCORDANT ↑
UBL5,0.64,***,-0.1,-0.2,0.0,OPPOSITE (HZ↑ RZV↓)
TIAL1,0.43,***,0.5,0.5,0.1,CONCORDANT ↑
PAPOLG,0.26,***,0.4,0.5,0.3,CONCORDANT ↑
TMEM123,0.31,***,-0.2,-0.1,0.2,OPPOSITE (HZ↑ RZV↓)
MAP4K1,-0.28,***,3.9,3.9,-1.2,OPPOSITE (HZ↓ RZV↑)
HIKESHI,0.31,***,0.1,0.2,0.1,CONCORDANT ↑
SLAMF6,0.76,***,0.6,0.6,0.2,CONCORDANT ↑
FTH1,-0.82,***,-0.6,-0.4,-0.3,CONCORDANT ↓
CCL4,0.8,***,1.4,2.3,2.2,CONCORDANT ↑
ZBTB7A,-0.29,***,0.3,0.5,0.2,OPPOSITE (HZ↓ RZV↑)
CMC1,0.25,***,0.9,-0.2,0.7,CONCORDANT ↑
THOC2,0.5,***,-0.0,-0.3,-0.0,OPPOSITE (HZ↑ RZV↓)
PLXND1,-0.41,*,1.3,1.2,-1.7,OPPOSITE (HZ↓ RZV↑)
KCNAB2,-0.3,***,-0.9,-0.1,-0.4,CONCORDANT ↓
ANKRD11,-0.32,***,-0.4,-0.2,-0.5,CONCORDANT ↓
XAF1,0.75,***,-0.6,-0.2,0.3,OPPOSITE (HZ↑ RZV↓)
COX7B,0.36,***,-0.1,-0.1,0.0,OPPOSITE (HZ↑ RZV↓)
MYOM2,-1.46,***,0.2,1.9,1.2,OPPOSITE (HZ↓ RZV↑)
TSC22D4,-0.45,***,1.6,1.1,1.2,OPPOSITE (HZ↓ RZV↑)
RPS27L,0.46,***,0.5,0.2,0.1,CONCORDANT ↑
SPOCK2,-0.39,***,0.5,0.9,-0.4,OPPOSITE (HZ↓ RZV↑)
FOXN2,0.49,***,-0.0,-0.2,-0.1,OPPOSITE (HZ↑ RZV↓)
PTPRC,0.63,***,-0.2,-0.2,-0.4,OPPOSITE (HZ↑ RZV↓)
LSM2,0.35,***,0.1,-0.1,0.3,CONCORDANT ↑
GNAI2,-0.81,**,0.5,0.4,0.6,OPPOSITE (HZ↓ RZV↑)
RO60,-1.12,***,0.3,-0.1,0.4,OPPOSITE (HZ↓ RZV↑)
CSNK1G2,-0.48,*,-0.7,0.1,-1.2,CONCORDANT ↓
TCP1,0.26,***,-0.4,-0.4,-0.1,OPPOSITE (HZ↑ RZV↓)
CEP78,0.58,***,0.9,-0.9,1.1,CONCORDANT ↑
TOP2B,0.46,***,-0.3,0.1,-0.4,OPPOSITE (HZ↑ RZV↓)
SELENOK,-0.99,***,-0.6,-0.7,0.0,CONCORDANT ↓
RPL27,1.07,***,-0.2,-0.3,-0.1,OPPOSITE (HZ↑ RZV↓)
SYNRG,0.65,***,0.5,-0.0,-0.0,CONCORDANT ↑
ZC3H13,0.44,***,0.3,0.3,-0.0,CONCORDANT ↑
ATP1A1,-0.33,***,0.3,-0.0,-0.4,OPPOSITE (HZ↓ RZV↑)
TRBC2,0.4,***,-0.3,0.0,0.0,OPPOSITE (HZ↑ RZV↓)
DHX9,0.41,***,-0.3,-0.2,-0.2,OPPOSITE (HZ↑ RZV↓)
TUT4,-1.34,***,0.1,-0.2,0.2,OPPOSITE (HZ↓ RZV↑)
FBXW5,-0.39,***,1.1,1.1,0.3,OPPOSITE (HZ↓ RZV↑)
SDAD1,0.31,***,-0.0,-0.2,-0.1,OPPOSITE (HZ↑ RZV↓)
RTF1,-0.28,***,0.3,0.2,0.6,OPPOSITE (HZ↓ RZV↑)
SUPT5H,-1.04,***,0.4,0.2,-0.2,OPPOSITE (HZ↓ RZV↑)
MAPK1IP1L,-0.36,***,0.0,0.0,-0.1,OPPOSITE (HZ↓ RZV↑)
ARGLU1,-0.46,***,0.1,0.0,0.1,OPPOSITE (HZ↓ RZV↑)
TMEM106B,0.34,***,-0.7,-0.9,-0.4,OPPOSITE (HZ↑ RZV↓)
NDUFA8,0.35,***,0.0,-0.1,0.2,CONCORDANT ↑
H1-2,-1.63,***,0.8,-0.6,-2.2,OPPOSITE (HZ↓ RZV↑)
TUT7,-1.11,***,0.3,0.6,-0.0,OPPOSITE (HZ↓ RZV↑)
TPM4,0.74,***,0.4,0.7,-0.6,CONCORDANT ↑
TAOK3,-0.35,***,0.5,0.3,0.5,OPPOSITE (HZ↓ RZV↑)
YPEL3,-0.58,*,0.4,0.8,-0.4,OPPOSITE (HZ↓ RZV↑)
DYNLT1,-1.05,***,0.8,0.5,0.7,OPPOSITE (HZ↓ RZV↑)
MYL12B,0.51,***,-0.1,-0.2,0.0,OPPOSITE (HZ↑ RZV↓)
SH3BP1,0.69,***,0.3,0.3,1.7,CONCORDANT ↑
HCST,0.59,***,-0.3,-0.4,-0.3,OPPOSITE (HZ↑ RZV↓)
LAIR1,0.34,***,0.1,0.1,1.3,CONCORDANT ↑
ACBD3,-0.3,***,0.2,0.3,0.1,OPPOSITE (HZ↓ RZV↑)
TIMMDC1,0.27,***,1.2,1.2,0.2,CONCORDANT ↑
UBA6,0.33,***,0.3,0.5,0.4,CONCORDANT ↑
ELK4,0.3,***,-0.1,0.0,-0.4,OPPOSITE (HZ↑ RZV↓)
WDR82,0.45,***,-0.5,-0.3,-0.6,OPPOSITE (HZ↑ RZV↓)
SF3A2,-0.35,***,-0.0,0.2,0.2,CONCORDANT ↓
PSMC6,0.36,***,0.2,0.0,0.2,CONCORDANT ↑
ARHGAP45,1.02,***,1.6,0.6,0.4,CONCORDANT ↑
PTPRA,-0.51,***,1.0,0.6,1.0,OPPOSITE (HZ↓ RZV↑)
GNB2,-0.48,***,0.4,0.4,0.8,OPPOSITE (HZ↓ RZV↑)
PPP2R2D,-0.3,***,-0.1,-0.3,0.1,CONCORDANT ↓
SP3,-0.3,***,0.3,0.5,-0.0,OPPOSITE (HZ↓ RZV↑)
ATP5ME,-0.6,**,0.1,-0.0,0.1,OPPOSITE (HZ↓ RZV↑)
CDC42,0.83,***,0.0,0.2,-0.2,CONCORDANT ↑
PRDM1,-0.48,***,-0.1,-0.5,-0.7,CONCORDANT ↓
AKAP11,0.3,***,0.6,0.9,0.2,CONCORDANT ↑
HBA1,-1.21,***,-0.5,1.8,5.4,CONCORDANT ↓
NCKAP1L,0.49,***,0.0,1.3,-0.1,CONCORDANT ↑
ARHGEF6,0.34,***,0.1,0.3,-0.5,CONCORDANT ↑
NEAT1,-0.26,***,0.2,0.4,-0.7,OPPOSITE (HZ↓ RZV↑)
LPXN,0.45,***,0.1,0.6,-0.3,CONCORDANT ↑
EXOC5,0.28,***,0.4,0.1,0.9,CONCORDANT ↑
RNF145,-0.37,***,0.4,0.4,0.4,OPPOSITE (HZ↓ RZV↑)
CCDC90B,0.32,***,0.3,-0.1,0.5,CONCORDANT ↑
HBA2,-1.74,***,-0.2,1.0,7.2,CONCORDANT ↓
KLRD1,0.89,***,-0.2,-0.1,0.6,OPPOSITE (HZ↑ RZV↓)
ID2,0.48,***,0.5,0.7,0.8,CONCORDANT ↑
SSB,0.33,***,-0.3,-0.5,-0.2,OPPOSITE (HZ↑ RZV↓)
RECQL,0.38,***,0.5,0.2,0.2,CONCORDANT ↑
RNF149,-0.84,*,-0.3,-0.2,-0.2,CONCORDANT ↓
ADAM10,0.43,***,0.2,-0.3,-0.5,CONCORDANT ↑
H3-3B,-4.93,***,-0.2,-0.3,-0.1,CONCORDANT ↓
EIF4B,0.61,***,-0.5,-0.2,-0.5,OPPOSITE (HZ↑ RZV↓)
RPS5,-0.7,***,-0.2,-0.3,-0.2,CONCORDANT ↓
ENO1,0.26,***,-0.3,-0.3,-0.2,OPPOSITE (HZ↑ RZV↓)
RPL22L1,0.34,***,-0.8,-1.1,-0.6,OPPOSITE (HZ↑ RZV↓)
RPL7A,1.14,***,-0.4,-0.5,-0.2,OPPOSITE (HZ↑ RZV↓)
PDHB,0.28,***,0.8,0.6,0.3,CONCORDANT ↑
SLC27A4,-0.99,***,3.5,2.5,1.3,OPPOSITE (HZ↓ RZV↑)
NENF,-0.44,*,0.3,-0.2,0.5,OPPOSITE (HZ↓ RZV↑)
SSBP3,-0.3,***,-0.7,0.2,0.3,CONCORDANT ↓
KLHDC2,-0.28,***,0.9,0.5,0.9,OPPOSITE (HZ↓ RZV↑)
TNFRSF1A,0.4,***,0.1,0.4,-0.1,CONCORDANT ↑
FRG1CP,0.76,***,1.1,0.6,0.4,CONCORDANT ↑
ASCC2,-0.37,***,0.2,0.1,0.1,OPPOSITE (HZ↓ RZV↑)
MAPK1,0.36,***,-0.0,0.0,-0.2,OPPOSITE (HZ↑ RZV↓)
HSD17B11,1.06,***,0.5,-0.1,0.7,CONCORDANT ↑
ZNF217,0.41,***,0.3,0.2,-0.0,CONCORDANT ↑
NSD3,-0.38,***,0.3,0.2,-0.1,OPPOSITE (HZ↓ RZV↑)
PLAC8,1.13,***,-0.6,-1.0,-1.1,OPPOSITE (HZ↑ RZV↓)
APC,0.41,***,-0.3,1.2,0.8,OPPOSITE (HZ↑ RZV↓)
UQCRC1,-0.3,***,0.3,0.4,0.5,OPPOSITE (HZ↓ RZV↑)
EAPP,-0.27,***,0.7,0.3,-0.0,OPPOSITE (HZ↓ RZV↑)
CHD4,1.13,***,-0.2,-0.3,-0.3,OPPOSITE (HZ↑ RZV↓)
SNRPA,-0.26,***,-0.1,-0.2,0.2,CONCORDANT ↓
DEDD2,-0.26,***,1.0,0.5,1.5,OPPOSITE (HZ↓ RZV↑)
SYAP1,-0.43,**,0.1,0.0,0.0,OPPOSITE (HZ↓ RZV↑)
RASAL2,-2.74,***,1.8,-0.2,-1.1,OPPOSITE (HZ↓ RZV↑)
RPL14,0.52,***,-0.4,-0.5,-0.4,OPPOSITE (HZ↑ RZV↓)
MCTS1,0.27,***,0.4,-0.0,-0.1,CONCORDANT ↑
UBE2J1,-0.26,***,-0.3,-0.2,0.2,CONCORDANT ↓
CD81,-1.86,***,0.0,-0.0,-0.3,OPPOSITE (HZ↓ RZV↑)
JUN,-1.85,***,-0.9,-0.4,-1.0,CONCORDANT ↓
TAF1D,0.37,***,-0.1,-0.0,0.1,OPPOSITE (HZ↑ RZV↓)
P4HB,-0.45,***,0.3,0.2,0.5,OPPOSITE (HZ↓ RZV↑)
ICAM3,-0.47,***,1.3,1.1,-0.4,OPPOSITE (HZ↓ RZV↑)
CREBZF,-0.26,***,0.1,0.4,0.6,OPPOSITE (HZ↓ RZV↑)
UBE2D2,-0.32,***,-0.1,-0.2,0.1,CONCORDANT ↓
PDCD10,0.35,***,0.2,-0.2,0.4,CONCORDANT ↑
TGFBR2,0.26,***,-0.5,-0.6,-0.9,OPPOSITE (HZ↑ RZV↓)
RPL13P12,1.32,***,-0.3,-0.4,-0.2,OPPOSITE (HZ↑ RZV↓)
SMIM15,0.28,***,0.0,0.1,-0.1,CONCORDANT ↑
GBP5,0.89,***,-0.3,-0.7,-0.9,OPPOSITE (HZ↑ RZV↓)
MAN1A2,0.28,***,-0.1,0.6,-0.5,OPPOSITE (HZ↑ RZV↓)
STK38,0.41,***,-0.2,-0.3,0.1,OPPOSITE (HZ↑ RZV↓)
HECA,0.45,***,-0.2,0.2,-0.7,OPPOSITE (HZ↑ RZV↓)
TSPYL2,-1.4,***,-0.9,-0.8,-0.6,CONCORDANT ↓
MRPL36,0.28,***,0.1,0.1,-0.3,CONCORDANT ↑
GPI,0.7,***,0.2,0.0,-0.1,CONCORDANT ↑
H4C3,-2.99,***,0.2,0.1,-0.5,OPPOSITE (HZ↓ RZV↑)
S1PR4,0.68,***,1.2,1.2,0.1,CONCORDANT ↑
SLC4A7,0.42,***,-0.5,-0.2,-0.1,OPPOSITE (HZ↑ RZV↓)
SAP30BP,-0.27,***,0.2,0.2,0.4,OPPOSITE (HZ↓ RZV↑)
RPL4,0.84,***,-0.1,-0.2,-0.0,OPPOSITE (HZ↑ RZV↓)
MSN,0.51,***,-0.3,-0.2,-0.4,OPPOSITE (HZ↑ RZV↓)
DDX60,0.57,***,-0.3,-1.0,-0.1,OPPOSITE (HZ↑ RZV↓)
TXNRD1,-4.31,***,0.2,-0.2,-0.0,OPPOSITE (HZ↓ RZV↑)
MAP2K2,-0.38,***,0.4,0.4,0.3,OPPOSITE (HZ↓ RZV↑)
KTN1,-0.27,***,-0.5,-0.4,-0.1,CONCORDANT ↓
NUCB2,-0.39,***,-0.0,-0.2,0.3,CONCORDANT ↓
TXNIP,1.14,***,0.4,0.2,0.3,CONCORDANT ↑
IARS2,0.31,***,0.2,0.0,0.4,CONCORDANT ↑
RPS27AP16,0.54,***,-0.4,-0.4,-0.4,OPPOSITE (HZ↑ RZV↓)
DECR1,0.29,***,1.8,1.1,0.8,CONCORDANT ↑
RLIM,-0.86,***,-0.3,0.4,0.1,CONCORDANT ↓
H1-4,-2.31,***,3.5,1.9,3.8,OPPOSITE (HZ↓ RZV↑)
CYLD,0.26,***,0.1,-0.1,-0.2,CONCORDANT ↑
RPS29,0.63,***,-0.3,-0.4,-0.3,OPPOSITE (HZ↑ RZV↓)
ZBTB11,0.32,***,-0.4,-0.2,-0.6,OPPOSITE (HZ↑ RZV↓)
VPS41,0.37,***,-0.1,-0.2,0.0,OPPOSITE (HZ↑ RZV↓)
TRMT13,0.36,***,0.2,0.3,-0.3,CONCORDANT ↑
ATP6AP1,-0.39,**,0.3,-0.1,-0.2,OPPOSITE (HZ↓ RZV↑)
UGP2,0.42,***,-0.7,-0.8,0.1,OPPOSITE (HZ↑ RZV↓)
CHD3,-0.3,***,0.5,0.7,0.3,OPPOSITE (HZ↓ RZV↑)
MCM3,0.31,***,-0.4,-0.4,-0.0,OPPOSITE (HZ↑ RZV↓)
ACIN1,0.34,***,0.0,0.0,0.1,CONCORDANT ↑
TXNDC17,0.37,***,0.1,0.1,0.2,CONCORDANT ↑
RPS12,1.36,***,-0.4,-0.4,-0.3,OPPOSITE (HZ↑ RZV↓)
COX5A,0.37,***,0.2,0.1,0.1,CONCORDANT ↑
ARRB2,-0.43,***,0.1,0.3,0.1,OPPOSITE (HZ↓ RZV↑)
APMAP,-0.47,***,-0.3,-0.1,-0.1,CONCORDANT ↓
DYNC1LI2,0.3,***,-0.2,0.0,-0.4,OPPOSITE (HZ↑ RZV↓)
NKG7,1.29,***,-0.2,0.3,0.8,OPPOSITE (HZ↑ RZV↓)
CALHM2,0.35,***,-1.6,-1.8,-0.1,OPPOSITE (HZ↑ RZV↓)
TMC6,-0.28,***,-0.3,-0.1,-0.3,CONCORDANT ↓
RAB10,0.37,***,0.2,0.1,0.3,CONCORDANT ↑
SLK,-0.42,***,-0.4,-0.3,-0.4,CONCORDANT ↓
MESD,0.3,***,-0.1,-0.2,0.0,OPPOSITE (HZ↑ RZV↓)
LPIN2,0.29,***,0.5,0.9,-0.7,CONCORDANT ↑
GVINP1,1.0,***,0.6,0.0,0.1,CONCORDANT ↑
EIF3K,0.44,***,-0.2,-0.2,-0.2,OPPOSITE (HZ↑ RZV↓)
SFPQ,-0.46,***,0.1,0.1,-0.4,OPPOSITE (HZ↓ RZV↑)
RNF166,-1.67,***,0.7,1.8,-0.2,OPPOSITE (HZ↓ RZV↑)
TMCO1,0.39,***,0.3,-0.1,0.4,CONCORDANT ↑
BTG1,-1.45,***,-0.4,-0.2,-0.2,CONCORDANT ↓
PRSS23,0.34,***,4.1,2.8,0.1,CONCORDANT ↑
HSPD1,0.28,***,-0.4,-0.5,-0.2,OPPOSITE (HZ↑ RZV↓)
RNH1,-0.36,***,-0.2,-0.2,-0.1,CONCORDANT ↓
CCT2,0.45,***,-0.1,-0.3,-0.1,OPPOSITE (HZ↑ RZV↓)
AASDHPPT,0.29,***,0.5,0.2,0.3,CONCORDANT ↑
SEC62,-0.36,***,-0.2,-0.3,-0.0,CONCORDANT ↓
MCMBP,0.26,***,-0.5,-0.2,-0.4,OPPOSITE (HZ↑ RZV↓)
IFNGR1,-0.49,*,-0.7,-0.8,-0.0,CONCORDANT ↓
RANBP2,0.6,***,0.1,0.1,-0.2,CONCORDANT ↑
NOP58,-0.6,**,-0.0,-0.1,-0.0,CONCORDANT ↓
MRPL48,0.29,***,0.2,0.3,0.3,CONCORDANT ↑
ZFP36L2,-1.05,***,-0.0,-0.6,-0.8,CONCORDANT ↓
GOLGA2,-0.44,**,0.9,0.9,1.4,OPPOSITE (HZ↓ RZV↑)
RPN2,-0.49,***,0.0,-0.3,0.2,OPPOSITE (HZ↓ RZV↑)
PSMB1,0.26,***,0.1,-0.1,-0.1,CONCORDANT ↑
PSAP,-0.39,***,-0.0,0.1,0.2,CONCORDANT ↓
ALOX5AP,-0.37,***,0.6,-0.3,-0.8,OPPOSITE (HZ↓ RZV↑)
PPP6R2,-0.41,***,0.3,0.3,0.5,OPPOSITE (HZ↓ RZV↑)
GBP1,1.0,***,-0.3,0.2,0.4,OPPOSITE (HZ↑ RZV↓)
ARPC5,0.5,***,0.4,0.4,0.4,CONCORDANT ↑
SH2D2A,-0.3,***,-0.3,-0.0,0.2,CONCORDANT ↓
MRFAP1,0.46,***,0.1,-0.1,0.0,CONCORDANT ↑
SSBP1,0.43,***,0.0,-0.0,0.1,CONCORDANT ↑
STOM,0.46,***,-1.9,-2.6,-1.5,OPPOSITE (HZ↑ RZV↓)
VMA21,0.49,***,0.1,-0.0,-0.2,CONCORDANT ↑
EVL,-0.51,***,-0.4,0.0,-1.1,CONCORDANT ↓
ZYX,-0.51,***,-0.4,-0.1,-0.4,CONCORDANT ↓
CGGBP1,0.36,***,0.0,-0.0,-0.4,CONCORDANT ↑
UBE2A,0.33,***,-0.1,-0.0,-0.1,OPPOSITE (HZ↑ RZV↓)
MTCH1,-0.42,***,0.1,0.0,0.1,OPPOSITE (HZ↓ RZV↑)
VCPIP1,0.33,***,-0.6,0.4,-0.5,OPPOSITE (HZ↑ RZV↓)
CHMP4B,-0.39,***,0.0,0.3,0.2,OPPOSITE (HZ↓ RZV↑)
SBDS,-1.19,***,-0.2,-0.4,-0.0,CONCORDANT ↓
RPS24,0.73,***,-0.1,-0.2,-0.2,OPPOSITE (HZ↑ RZV↓)
H2AZ2,-1.62,***,0.6,0.5,0.5,OPPOSITE (HZ↓ RZV↑)
DENND1C,-0.31,**,-0.4,-0.4,-0.5,CONCORDANT ↓
BTF3,0.39,***,-0.1,-0.3,-0.1,OPPOSITE (HZ↑ RZV↓)
PRDX1,0.54,***,-0.1,-0.2,-0.1,OPPOSITE (HZ↑ RZV↓)
MKRN1,-0.27,***,0.4,0.1,0.2,OPPOSITE (HZ↓ RZV↑)
ZNF451,0.26,***,0.3,0.8,0.3,CONCORDANT ↑
COX5B,-0.31,***,0.1,0.1,0.1,OPPOSITE (HZ↓ RZV↑)
IDH3B,-0.5,***,0.2,-0.1,0.3,OPPOSITE (HZ↓ RZV↑)
RPL23,0.98,***,-0.2,-0.2,-0.3,OPPOSITE (HZ↑ RZV↓)
CLIC1,0.46,***,-0.3,-0.1,0.0,OPPOSITE (HZ↑ RZV↓)
PNKD,-0.26,***,0.6,-0.6,1.2,OPPOSITE (HZ↓ RZV↑)
CKAP5,0.31,***,0.4,0.6,0.2,CONCORDANT ↑
LASP1,0.3,***,2.1,1.5,0.9,CONCORDANT ↑
TTC39C,-0.26,***,0.3,0.3,-0.0,OPPOSITE (HZ↓ RZV↑)
IFITM3,-1.13,***,-0.9,-0.9,-0.8,CONCORDANT ↓
RPS11,1.06,***,-0.3,-0.4,-0.2,OPPOSITE (HZ↑ RZV↓)
ANXA1,-0.29,***,-0.0,-0.2,-0.6,CONCORDANT ↓
CNOT1,-1.18,***,0.2,0.2,-0.2,OPPOSITE (HZ↓ RZV↑)
MOB1A,0.57,***,0.1,0.2,0.4,CONCORDANT ↑
MIA3,0.33,***,-0.1,-0.2,0.1,OPPOSITE (HZ↑ RZV↓)
SRSF5,-0.28,**,-0.0,-0.1,0.1,CONCORDANT ↓
AMD1,0.89,***,-0.6,-0.3,-0.3,OPPOSITE (HZ↑ RZV↓)
CASP8AP2,0.37,***,0.1,0.5,0.3,CONCORDANT ↑
POLR2I,-0.36,***,-0.3,-0.4,-0.1,CONCORDANT ↓
FLOT1,-0.31,***,-2.2,-0.9,-0.8,CONCORDANT ↓
PDE3B,-0.35,***,-0.5,-1.0,-1.8,CONCORDANT ↓
TXNL1,0.27,***,0.1,0.0,0.1,CONCORDANT ↑
RPA3,0.3,***,-0.1,-0.0,-0.4,OPPOSITE (HZ↑ RZV↓)
KLF6,-0.77,**,-0.8,-0.4,-0.3,CONCORDANT ↓
PIK3R1,-1.1,***,-1.2,-0.2,-0.3,CONCORDANT ↓
TIGIT,1.1,***,0.8,1.0,0.2,CONCORDANT ↑
R3HDM4,-0.39,***,-0.2,-0.1,-0.4,CONCORDANT ↓
CD3G,0.61,***,-0.1,-0.1,-0.7,OPPOSITE (HZ↑ RZV↓)
ATP8B2,0.3,***,0.5,-0.0,-1.7,CONCORDANT ↑
ZRSR2,-0.29,***,0.2,-0.2,0.1,OPPOSITE (HZ↓ RZV↑)
IFI16,0.64,***,-0.1,-0.3,-0.6,OPPOSITE (HZ↑ RZV↓)
SRM,-0.31,***,-0.1,-0.2,0.0,CONCORDANT ↓
NMI,0.49,***,0.5,-0.1,-0.1,CONCORDANT ↑
AIP,0.26,***,0.2,-0.1,0.3,CONCORDANT ↑
SNRPN,0.76,***,-0.2,-0.3,-0.5,OPPOSITE (HZ↑ RZV↓)
PKN1,-0.27,***,1.1,1.1,-0.0,OPPOSITE (HZ↓ RZV↑)
MYO1F,-0.55,***,3.6,2.9,-1.5,OPPOSITE (HZ↓ RZV↑)
ISCU,-0.37,***,-0.0,-0.2,0.5,CONCORDANT ↓
INTS8,0.33,***,0.6,0.1,0.8,CONCORDANT ↑
GBP2,0.27,***,0.3,0.2,-0.5,CONCORDANT ↑
SCAI,-1.18,***,2.1,2.0,1.9,OPPOSITE (HZ↓ RZV↑)
RAB29,0.3,***,0.1,0.4,0.2,CONCORDANT ↑
USP15,-0.56,***,0.1,-0.0,0.1,OPPOSITE (HZ↓ RZV↑)
PTPN18,0.35,***,1.3,2.1,2.2,CONCORDANT ↑
ENSA,-0.58,***,-0.1,-0.1,0.1,CONCORDANT ↓
ATF2,0.3,***,-0.1,0.1,0.0,OPPOSITE (HZ↑ RZV↓)
RPL21P16,0.55,***,-0.4,-0.4,-0.2,OPPOSITE (HZ↑ RZV↓)
MAT2B,0.69,***,0.4,0.4,0.3,CONCORDANT ↑
SYT11,0.28,***,2.1,3.4,1.9,CONCORDANT ↑
RPL21,4.71,***,-0.1,-0.2,-0.0,OPPOSITE (HZ↑ RZV↓)
MRPL18,0.34,***,0.3,-0.1,0.3,CONCORDANT ↑
IRF2,0.5,***,1.3,0.5,0.5,CONCORDANT ↑
DR1,0.27,***,0.7,0.5,0.2,CONCORDANT ↑
GIMAP2,1.03,***,0.4,-0.5,-0.1,CONCORDANT ↑
MRPS18C,0.79,***,0.0,0.1,0.0,CONCORDANT ↑
BCAS3,-1.45,***,3.1,2.3,2.5,OPPOSITE (HZ↓ RZV↑)
ANXA5,0.27,***,1.0,1.6,0.8,CONCORDANT ↑
UBE2B,-0.34,***,0.2,-0.1,0.3,OPPOSITE (HZ↓ RZV↑)
FAM89B,-0.36,***,-0.8,-0.9,-0.8,CONCORDANT ↓
TRIM69,0.45,***,-0.7,-0.6,-0.5,OPPOSITE (HZ↑ RZV↓)
GOLGA4,-0.92,***,-0.1,-0.2,-0.0,CONCORDANT ↓
TWF2,0.95,***,1.2,0.9,0.7,CONCORDANT ↑
CD74,-0.83,***,0.6,0.6,0.2,OPPOSITE (HZ↓ RZV↑)
CD3D,0.58,***,-0.2,-0.2,-0.3,OPPOSITE (HZ↑ RZV↓)
FGFR1OP2,0.45,***,-0.1,-0.1,0.3,OPPOSITE (HZ↑ RZV↓)
SYNE1,0.54,***,0.8,1.2,-0.7,CONCORDANT ↑
SMG1,0.37,***,-0.2,0.2,-0.8,OPPOSITE (HZ↑ RZV↓)
RPL18A,0.32,***,-0.2,-0.3,-0.0,OPPOSITE (HZ↑ RZV↓)
TBRG1,-0.38,***,0.2,-0.1,0.3,OPPOSITE (HZ↓ RZV↑)
ROCK1,0.35,***,0.1,-0.1,-0.4,CONCORDANT ↑
MIDN,-0.35,**,0.3,0.0,-0.8,OPPOSITE (HZ↓ RZV↑)
TES,0.44,***,-0.9,-0.2,-0.5,OPPOSITE (HZ↑ RZV↓)
LAP3,0.26,***,0.4,0.0,0.6,CONCORDANT ↑
EIF1,-1.13,***,-0.4,-0.5,-0.1,CONCORDANT ↓
IGBP1,0.26,***,0.7,0.8,0.1,CONCORDANT ↑
MRPL51,0.67,***,0.4,0.4,0.0,CONCORDANT ↑
CPNE3,0.41,***,0.0,0.0,-0.0,CONCORDANT ↑
CCT8,0.31,***,-0.3,-0.4,-0.1,OPPOSITE (HZ↑ RZV↓)
SLFN5,1.5,***,-0.8,-0.8,-0.3,OPPOSITE (HZ↑ RZV↓)
RHOT2,-0.37,***,-0.2,-0.0,1.2,CONCORDANT ↓
DTX3L,0.57,***,-1.1,-0.6,-0.5,OPPOSITE (HZ↑ RZV↓)
C9orf78,-0.3,***,-0.0,-0.1,0.1,CONCORDANT ↓
SRPK2,-0.41,***,-0.0,0.3,0.1,CONCORDANT ↓
SNAPIN,0.37,***,0.5,0.4,0.3,CONCORDANT ↑
FUS,0.26,***,-0.3,-0.1,-0.2,OPPOSITE (HZ↑ RZV↓)
RETREG2,-0.25,***,0.4,0.3,0.4,OPPOSITE (HZ↓ RZV↑)
OST4,0.34,***,-0.2,-0.2,0.0,OPPOSITE (HZ↑ RZV↓)
ZNF91,0.43,***,-0.1,-0.9,-0.1,OPPOSITE (HZ↑ RZV↓)
NUDT5,0.35,***,0.2,0.0,0.2,CONCORDANT ↑
GPRIN3,0.34,***,1.1,1.3,0.4,CONCORDANT ↑
DRAP1,-0.33,***,0.5,0.4,0.8,OPPOSITE (HZ↓ RZV↑)
ARAP2,0.25,***,0.5,0.9,0.5,CONCORDANT ↑
CSDE1,0.39,***,0.0,0.1,-0.0,CONCORDANT ↑
RPL8,0.59,***,-0.2,-0.2,-0.1,OPPOSITE (HZ↑ RZV↓)
